temperature,pressure,altitude,humidity,ax,ay,az,gx,gy,gz
24.82,781.94,2133.11,26.21,5.66,0.21,8.50,0.03,0.09,0.02
24.89,781.96,2132.89,26.43,5.22,-0.42,9.65,0.02,0.13,-0.06
24.92,781.94,2133.09,26.62,5.47,0.44,8.84,0.02,0.09,-0.04
24.96,781.97,2132.75,26.75,5.42,0.13,9.13,0.06,0.02,-0.04
24.96,781.95,2132.95,26.75,5.51,0.32,8.80,0.01,-0.01,-0.03
24.97,781.97,2132.73,26.68,5.35,0.53,9.04,0.03,-0.01,-0.03
24.97,781.96,2132.83,26.54,5.34,0.12,9.04,-0.01,0.00,-0.02
24.97,781.97,2132.78,26.43,5.26,0.15,9.04,-0.01,0.01,-0.02
24.96,781.94,2133.05,26.41,5.23,0.11,9.05,-0.01,0.01,-0.02
24.96,781.95,2132.95,26.47,5.28,0.17,9.11,-0.01,0.02,-0.02
24.96,781.94,2133.04,26.58,5.20,0.11,9.04,-0.02,0.01,-0.01
24.96,781.97,2132.81,26.78,5.28,0.08,9.00,-0.02,0.01,-0.01
24.96,781.98,2132.69,26.94,5.25,0.15,9.06,-0.01,0.01,-0.02
24.96,781.95,2132.99,26.73,5.30,0.10,9.11,-0.02,0.01,-0.01
24.95,781.95,2132.97,26.62,5.28,0.14,9.14,-0.02,0.01,-0.02
24.95,781.93,2133.23,26.42,5.28,0.18,9.08,-0.01,0.01,-0.01
24.95,781.96,2132.90,26.25,5.21,0.15,9.02,-0.02,0.01,-0.02
24.95,781.95,2132.92,26.06,5.27,0.12,9.14,-0.01,0.01,-0.01
24.95,781.94,2133.10,25.95,5.24,0.08,9.05,-0.01,0.01,-0.02
24.95,781.98,2132.67,25.88,5.26,0.16,9.05,-0.01,0.01,-0.01
24.94,781.98,2132.71,25.83,5.22,0.07,9.10,-0.02,0.01,-0.01
24.94,781.99,2132.54,25.76,5.19,0.13,9.14,-0.02,0.01,-0.02
24.94,781.96,2132.85,25.69,5.23,0.15,8.99,-0.01,0.01,-0.01
24.93,781.96,2132.84,25.61,5.31,0.17,9.11,-0.02,0.01,-0.01
24.93,781.96,2132.83,25.55,5.29,0.21,9.10,-0.00,0.01,-0.01
24.93,781.98,2132.69,25.51,5.22,0.21,9.11,-0.02,0.02,-0.02
24.93,781.99,2132.55,25.55,5.18,0.11,9.16,-0.02,0.01,-0.01
24.93,781.99,2132.53,25.73,5.28,0.18,9.17,-0.02,0.02,-0.01
24.93,781.98,2132.69,25.90,5.32,0.18,9.12,-0.01,0.01,-0.02
24.93,781.95,2132.93,26.01,5.20,0.11,9.17,-0.02,0.02,-0.01
24.93,781.98,2132.71,26.14,5.25,0.21,9.02,-0.00,0.02,-0.02
24.93,781.96,2132.88,26.26,5.18,0.05,9.22,-0.03,0.01,-0.01
24.93,781.99,2132.59,26.42,5.23,0.16,9.08,-0.01,0.02,-0.01
24.93,781.96,2132.88,26.53,5.27,0.16,9.08,-0.02,0.01,-0.01
24.93,781.96,2132.88,26.64,5.24,0.12,9.05,-0.01,0.01,-0.02
24.93,781.98,2132.62,26.58,5.41,0.77,9.30,-0.01,0.28,-0.10
24.91,781.98,2132.64,26.45,5.07,0.22,9.34,0.01,0.03,-0.00
24.93,781.96,2132.86,26.28,5.10,-0.14,9.08,-0.02,-0.04,-0.04
24.94,781.98,2132.71,26.17,5.11,0.11,8.98,-0.04,0.02,0.01
24.94,781.98,2132.63,26.11,5.39,0.47,9.23,0.17,-0.00,-0.09
24.94,781.98,2132.72,26.07,4.95,0.48,9.27,0.02,-0.02,-0.03
24.93,781.98,2132.71,26.07,5.58,0.43,9.18,0.07,0.04,-0.07
26.21,780.43,2148.59,22.43,-2.14,-0.13,9.94,-0.02,0.00,-0.02
26.27,780.39,2149.06,22.44,-2.44,-0.34,10.02,-0.01,-0.01,-0.01
26.30,780.43,2148.55,22.46,-2.15,-0.17,9.85,-0.01,0.01,-0.01
26.31,780.38,2149.10,22.46,-2.04,-0.36,9.90,-0.02,0.01,-0.02
26.32,780.38,2149.10,22.46,-2.00,-0.25,9.93,-0.01,0.01,-0.01
26.33,780.37,2149.25,22.42,-2.12,-0.18,9.95,-0.01,0.01,-0.01
26.34,780.35,2149.37,22.40,-1.81,-0.09,10.07,-0.01,0.01,-0.01
26.34,780.38,2149.13,22.39,-2.16,-0.18,9.96,-0.02,0.01,-0.01
26.34,780.38,2149.14,22.36,-2.18,-0.16,9.94,-0.02,0.01,-0.01
26.34,780.39,2149.02,22.33,-2.19,-0.15,9.96,-0.02,0.01,-0.02
26.35,780.38,2149.14,22.33,-2.57,-0.83,9.92,-0.01,-0.00,-0.02
26.35,780.38,2149.09,22.31,-4.34,-4.53,8.55,0.07,-0.06,-0.05
26.35,780.38,2149.15,22.30,-2.21,-0.01,10.01,-0.01,0.00,-0.02
26.35,780.40,2148.92,22.37,-2.26,-0.18,9.79,-0.01,0.02,-0.01
26.35,780.38,2149.06,22.61,-4.23,1.17,9.45,-0.17,-0.03,0.50
26.36,780.39,2148.98,22.81,-0.49,3.34,10.36,0.04,0.08,-0.03
26.35,780.40,2148.92,22.95,-1.81,2.03,9.00,-0.10,0.15,0.15
26.35,780.40,2148.89,23.04,0.57,0.30,7.87,-0.02,0.08,0.01
26.35,780.39,2149.02,23.10,-1.74,0.89,9.73,-0.06,0.24,-0.08
26.35,780.41,2148.85,23.13,-0.85,10.71,9.22,-0.03,0.07,-0.01
26.35,780.37,2149.17,23.13,-1.84,0.87,10.32,-0.13,-0.08,0.20
26.35,780.36,2149.27,23.09,-2.08,0.04,9.84,-0.03,0.01,-0.01
26.35,780.38,2149.08,23.04,-3.71,1.09,10.56,-0.01,0.01,-0.00
26.35,780.39,2149.06,22.99,-1.11,-0.96,10.38,-0.00,0.08,-0.02
26.35,780.34,2149.49,22.95,-2.00,-0.00,10.16,-0.02,-0.01,-0.03
26.35,780.35,2149.41,22.89,-2.08,-0.13,9.81,-0.02,0.02,-0.02
26.35,780.38,2149.08,22.85,-2.28,-0.22,10.10,-0.01,0.01,-0.02
26.35,780.40,2148.89,22.82,-2.12,-0.23,9.90,-0.02,0.01,-0.01
26.35,780.37,2149.20,22.78,-2.22,1.47,7.56,-0.06,-0.14,-0.01
26.35,780.36,2149.30,22.72,-2.18,-0.13,9.94,-0.02,0.01,-0.01
26.35,780.40,2148.92,22.68,-2.21,-0.06,9.84,-0.01,0.01,-0.02
26.35,780.38,2149.10,22.66,-2.26,3.21,8.67,-0.01,0.07,-0.02
26.36,780.39,2149.01,22.64,-0.74,-2.71,10.49,-0.03,-0.05,-0.02
26.35,780.39,2148.98,22.62,-2.16,-0.11,9.97,-0.02,0.01,-0.02
26.36,780.42,2148.69,22.59,-2.14,-0.49,9.96,-0.01,0.01,-0.01
26.35,780.39,2149.04,22.58,-2.11,3.51,8.98,0.03,0.05,-0.02
26.35,780.42,2148.72,22.56,-0.93,-2.57,9.87,-0.02,-0.09,-0.01
26.35,780.41,2148.76,22.54,-2.12,1.89,10.62,-0.03,-0.12,-0.01
26.35,780.38,2149.08,22.53,-3.61,3.64,8.78,-0.03,-0.05,-0.01
26.35,780.40,2148.87,22.52,-2.07,-1.23,9.87,0.01,-0.00,-0.02
26.35,780.40,2148.96,22.52,-2.45,-0.19,9.98,0.01,0.01,-0.00
26.35,780.39,2149.02,22.53,-2.26,-0.46,9.87,-0.01,0.00,-0.01
26.35,780.38,2149.16,22.53,-2.70,-0.24,9.92,-0.02,0.02,-0.02
26.35,780.39,2149.04,22.51,-2.20,0.07,9.87,-0.02,0.01,-0.02
26.35,780.40,2148.92,22.52,-2.33,-0.33,9.88,-0.02,0.01,-0.01
26.35,780.39,2149.00,22.54,-2.30,-2.57,10.46,0.03,0.07,-0.04
26.35,780.39,2149.02,22.55,-3.35,2.48,9.09,0.25,0.03,-0.08
25.95,780.28,2150.19,23.93,-5.62,-3.88,7.18,-0.33,0.25,-0.13
26.02,780.28,2150.09,23.95,-5.26,-3.90,6.41,-0.62,0.24,-0.14
26.05,780.28,2150.09,23.97,-5.58,-6.40,4.57,-0.87,0.42,-0.42
26.07,780.33,2149.64,23.95,-5.57,-7.00,3.83,-0.54,0.16,-0.17
26.08,780.33,2149.67,23.94,-5.26,-7.14,3.69,-0.03,0.14,0.10
26.09,780.29,2149.99,23.93,-5.76,-6.06,5.86,0.09,0.01,-0.02
26.09,780.31,2149.88,23.91,-5.50,-6.70,5.88,2.18,-1.33,0.28
26.10,780.29,2150.04,23.87,-2.82,-1.42,9.26,0.69,-0.28,-0.05
26.10,780.29,2150.08,23.85,-2.54,-0.43,9.73,0.23,-0.10,-0.06
26.10,780.29,2150.06,23.83,-1.89,0.93,10.01,0.41,-0.11,-0.12
26.11,780.30,2149.90,23.82,-0.95,0.80,9.59,0.13,0.10,0.02
26.12,780.26,2150.39,23.78,-2.00,-0.30,9.62,0.05,0.30,0.03
26.12,780.32,2149.75,23.78,-1.89,0.59,10.44,0.08,0.11,0.00
26.12,780.30,2149.94,23.77,-2.10,-0.67,9.28,0.13,-0.55,0.38
26.12,780.26,2150.31,23.75,-1.33,0.09,10.07,0.15,-0.07,-0.03
26.13,780.29,2150.09,23.74,-0.08,-0.34,10.43,-0.05,-0.11,0.10
26.13,780.28,2150.11,23.73,-0.89,-0.01,9.95,-0.04,0.15,0.01
26.13,780.30,2149.96,23.70,-3.11,0.06,11.52,-0.15,-1.46,-0.03
26.14,780.28,2150.17,23.68,4.02,-0.24,10.10,-0.53,0.08,0.09
26.14,780.33,2149.63,23.67,-1.56,-1.51,10.52,0.30,0.76,0.53
26.14,780.30,2149.94,23.66,-2.91,0.59,10.95,0.10,0.04,0.22
26.14,780.33,2149.60,23.62,-1.39,-0.93,9.48,-0.01,-0.75,0.03
26.14,780.29,2150.05,23.60,-1.45,0.06,10.81,-0.21,0.05,-0.13
26.14,780.28,2150.16,23.58,0.03,-0.27,9.55,-0.01,-0.29,0.17
26.14,780.25,2150.40,23.59,-0.89,0.10,10.82,-0.21,-0.27,-0.27
26.14,780.28,2150.11,23.57,0.32,-0.16,9.31,-0.02,-0.51,-0.06
26.15,780.31,2149.80,23.56,-0.66,-0.70,10.01,0.29,-0.13,-0.28
26.14,780.27,2150.28,23.56,-1.71,1.56,10.26,0.09,-0.04,-0.31
26.15,780.28,2150.18,23.55,-1.23,0.59,10.27,-0.02,-0.01,-0.11
26.15,780.26,2150.32,23.55,-2.36,0.32,9.91,-0.08,0.19,0.11
26.15,780.26,2150.36,23.54,-1.87,0.32,10.01,-0.04,-0.06,-0.03
26.16,780.27,2150.22,23.54,-1.86,0.25,9.82,-0.04,-0.11,-0.07
26.15,780.29,2150.08,23.55,-3.30,0.60,10.35,-0.01,0.56,0.05
26.15,780.27,2150.24,23.55,-0.63,0.04,9.62,0.58,-0.19,0.16
26.15,780.24,2150.56,23.55,-1.38,0.04,9.85,0.21,-0.09,-0.22
26.16,780.26,2150.36,23.54,-2.08,0.60,9.59,-0.11,0.09,0.01
26.16,780.30,2149.98,23.54,-1.47,0.00,9.93,0.01,0.06,-0.04
26.16,780.29,2150.01,23.54,-2.98,-0.62,10.11,-0.23,-0.15,0.01
26.16,780.27,2150.19,23.52,-5.63,-1.55,13.52,-0.12,-0.13,-0.07
26.16,780.30,2149.90,23.52,-1.82,-1.07,9.54,-0.06,0.07,0.13
26.16,780.26,2150.36,23.51,-3.13,-1.05,9.98,-0.07,0.11,0.08
26.17,780.29,2150.04,23.51,-2.96,-2.19,10.61,-0.29,0.23,0.09
26.16,780.27,2150.26,23.50,-2.99,-0.57,9.92,0.08,-0.14,-0.19
26.17,780.28,2150.11,23.50,-2.13,-0.78,9.60,0.11,-0.01,-0.04
26.17,780.27,2150.25,23.50,-1.22,-0.58,9.60,0.01,0.02,-0.05
26.16,780.30,2149.97,23.50,-1.07,-1.25,9.64,-0.49,-0.25,0.04
26.17,780.29,2150.05,23.50,-3.11,-3.25,10.55,-0.02,-0.08,0.09
26.17,780.29,2150.05,23.50,-2.50,-1.18,9.54,0.16,-0.11,0.20
26.17,780.30,2149.90,23.51,-1.80,-1.71,9.97,0.03,0.39,-0.01
26.17,780.29,2150.00,23.51,-2.71,-0.97,10.26,0.07,-0.06,-0.13
26.17,780.27,2150.28,23.53,-2.32,-0.12,9.89,0.20,0.06,-0.04
26.17,780.28,2150.10,23.54,-1.85,-0.51,9.82,-0.08,0.05,0.08
26.18,780.28,2150.13,23.54,-1.88,-0.29,10.11,0.01,-0.04,0.01
26.18,780.24,2150.56,23.54,-2.90,-0.37,10.98,-0.12,-0.23,0.09
26.18,780.25,2150.44,23.57,-2.36,-0.02,10.35,-0.01,0.24,0.18
26.18,780.24,2150.51,23.62,-0.94,0.13,9.74,-0.02,0.18,0.15
26.18,780.23,2150.63,23.67,-2.57,-0.78,9.48,0.61,0.07,-1.44
26.18,780.27,2150.22,23.77,-1.27,0.23,8.94,0.42,0.08,-1.90
26.18,780.26,2150.30,23.76,-1.61,0.27,9.91,0.31,-0.28,-0.89
26.18,780.25,2150.48,23.80,-1.13,-0.00,10.18,0.30,-0.01,-0.41
26.19,780.27,2150.29,23.86,-4.23,-0.57,9.57,0.20,-0.43,-0.56
26.19,780.27,2150.21,23.90,-1.00,-0.70,9.60,0.62,-0.15,-1.03
26.19,780.24,2150.52,23.92,-2.96,-0.49,10.59,-0.12,-0.19,-0.76
26.18,780.26,2150.38,23.94,-0.97,-0.63,10.72,-0.14,0.02,-0.38
26.19,780.27,2150.21,23.94,-0.57,0.62,10.23,0.69,0.26,0.10
26.19,780.26,2150.37,23.91,0.47,-0.51,9.27,-0.40,-0.08,0.19
26.19,780.27,2150.28,23.89,-1.02,-0.33,8.39,-0.74,0.34,-0.25
26.19,780.27,2150.26,23.85,-0.56,-0.62,9.53,-0.28,0.34,-0.44
26.19,780.28,2150.15,23.81,-2.18,-2.45,8.90,0.28,-0.18,-0.07
26.19,780.27,2150.23,23.78,-2.47,-2.84,8.67,0.21,-0.20,0.26
26.20,780.26,2150.34,23.75,-2.35,-4.03,8.65,0.24,-0.34,-0.00
26.20,780.26,2150.34,23.71,-2.03,-0.75,10.23,-0.77,-0.41,0.11
26.19,780.27,2150.25,23.70,-3.65,-3.83,11.01,0.64,0.10,-0.48
26.19,780.25,2150.46,23.66,-2.18,-3.84,8.66,0.44,0.12,-0.23
26.20,780.27,2150.25,23.64,-3.04,-2.33,10.23,0.28,0.20,0.10
26.20,780.29,2150.06,23.64,-3.77,-0.76,9.93,-0.25,-0.00,1.12
26.20,780.25,2150.44,23.63,-1.84,-2.91,9.72,-0.48,-0.64,0.68
26.20,780.27,2150.29,23.55,-1.97,-3.18,9.20,0.07,-0.06,-0.13
26.20,780.25,2150.48,23.55,-1.60,-2.19,9.78,0.17,0.35,-0.57
26.20,780.26,2150.31,23.55,-2.14,-0.87,10.31,-0.04,-0.07,-0.07
26.20,780.31,2149.86,23.56,-1.46,-2.02,9.90,-0.07,0.11,-0.42
26.21,780.27,2150.25,23.55,-1.85,-1.83,9.30,0.12,0.16,0.25
26.20,780.27,2150.27,23.55,-0.92,-2.30,9.63,0.09,-0.16,-0.21
26.21,780.27,2150.19,23.55,-0.72,-2.03,10.04,0.01,0.36,-0.87
26.21,780.29,2150.07,23.55,-0.81,-1.02,10.73,0.49,0.18,-0.73
26.21,780.29,2150.06,23.56,-2.07,-1.42,9.89,0.10,0.47,0.04
26.21,780.25,2150.42,23.55,-1.73,-1.66,9.86,-0.09,-0.23,0.22
26.20,780.28,2150.19,23.56,-1.30,-1.63,9.38,-0.10,0.00,0.20
26.20,780.29,2150.04,23.78,-0.89,-2.45,9.73,-0.04,-0.08,0.03
26.21,780.29,2150.02,24.01,-0.84,-2.54,10.26,0.05,0.07,-0.09
26.20,780.28,2150.11,24.19,-0.69,-2.37,10.06,0.03,0.03,-0.05
26.20,780.27,2150.24,24.30,-0.67,-2.51,10.05,0.03,0.07,0.06
26.20,780.27,2150.22,24.42,-0.52,-2.03,10.19,0.06,-0.03,-0.03
26.20,780.27,2150.29,24.49,-0.27,-1.62,10.29,-0.00,-0.09,-0.04
26.20,780.32,2149.71,24.57,-0.25,-1.64,10.15,-0.04,0.03,0.06
26.20,780.29,2150.07,24.63,-0.43,-1.60,10.16,-0.01,-0.05,0.07
26.20,780.28,2150.10,24.70,-0.49,-1.40,10.36,-0.05,-0.05,-0.01
26.20,780.28,2150.12,24.70,-0.27,-1.94,9.50,0.11,0.12,-0.07
26.20,780.26,2150.35,24.67,-0.16,-1.57,10.02,-0.03,0.07,-0.02
26.19,780.22,2150.73,24.62,-0.03,-1.77,10.05,0.01,0.01,-0.04
26.20,780.28,2150.18,24.63,0.02,-1.77,10.08,0.06,0.17,0.00
26.20,780.26,2150.34,24.61,-2.95,-0.89,10.00,-0.04,-0.09,0.07
26.20,780.28,2150.17,24.57,-1.33,-0.79,9.86,-0.06,0.10,0.03
26.20,780.27,2150.23,24.52,-1.49,-1.51,10.02,0.04,0.02,-0.04
26.20,780.25,2150.44,24.50,-1.78,-1.82,10.19,-0.06,-0.03,0.06
26.20,780.26,2150.36,24.48,-1.18,-1.33,10.16,0.00,-0.13,0.13
26.20,780.28,2150.17,24.49,-2.13,-1.96,9.79,0.03,-0.02,0.08
26.20,780.28,2150.17,24.59,-0.87,-1.50,10.46,-0.20,0.17,0.18
26.20,780.27,2150.28,24.68,-1.88,-0.99,9.88,-0.08,-0.04,0.13
26.20,780.28,2150.14,24.73,-1.63,-1.13,10.24,-0.06,-0.09,0.06
26.20,780.28,2150.11,24.73,-1.50,-1.17,10.00,-0.08,0.13,-0.03
26.21,780.28,2150.14,24.71,-1.58,-1.25,10.06,0.00,0.03,-0.03
26.21,780.27,2150.20,24.69,-1.36,-1.16,10.04,0.01,-0.03,-0.07
26.20,780.26,2150.33,24.73,-1.06,-1.28,9.94,-0.09,0.06,-0.08
26.20,780.27,2150.29,24.74,-1.58,-1.23,10.00,-0.01,0.13,-0.06
26.21,780.28,2150.18,24.77,-1.90,-1.02,9.80,0.10,0.10,-0.09
26.21,780.23,2150.68,24.78,-1.82,-0.99,9.91,0.00,-0.00,0.00
26.20,780.26,2150.38,24.79,-2.17,-0.61,9.94,-0.05,0.04,0.01
26.20,780.23,2150.64,24.76,-2.10,-0.97,10.16,-0.37,0.26,-0.07
26.21,780.22,2150.78,24.70,-1.88,-2.74,9.10,-0.08,-0.18,-0.06
26.21,780.22,2150.76,24.67,-2.29,-3.11,9.99,-0.06,0.10,0.13
26.21,780.23,2150.63,24.64,-2.17,-1.74,9.71,0.10,-0.06,0.24
26.21,780.26,2150.37,24.59,-1.35,-2.67,9.57,0.61,0.21,-0.15
26.21,780.28,2150.18,24.56,-2.13,-0.29,9.91,0.76,-0.12,0.54
26.21,780.27,2150.27,24.52,-2.84,4.33,8.73,0.98,-0.34,0.03
26.21,780.23,2150.63,24.49,-0.75,6.32,6.14,1.47,0.43,-0.33
26.20,780.26,2150.36,24.44,-0.53,8.35,3.49,0.86,0.12,0.09
26.21,780.28,2150.11,24.40,0.01,8.25,0.47,0.91,0.09,0.60
26.21,780.26,2150.34,24.36,-0.79,10.06,-2.10,0.57,-0.02,0.36
26.21,780.27,2150.20,24.33,0.88,9.62,-5.37,-0.09,0.16,0.27
26.21,780.30,2149.96,24.31,-0.43,9.96,-3.09,-0.19,-0.09,0.20
26.21,780.30,2149.93,24.31,-0.20,8.93,-3.66,0.18,0.31,0.13
26.21,780.29,2150.03,24.29,0.19,7.61,-4.50,0.55,0.37,0.16
26.21,780.33,2149.59,24.29,0.97,7.63,-6.03,0.13,0.04,0.07
26.21,780.33,2149.58,24.27,1.32,6.14,-6.55,0.27,0.28,-0.27
26.21,780.31,2149.79,24.25,0.91,7.22,-7.68,0.37,-0.21,-0.52
26.21,780.31,2149.82,24.25,0.35,6.95,-7.31,0.07,-0.13,0.13
26.21,780.32,2149.71,24.24,-0.25,5.65,-8.01,0.45,-0.00,-0.24
26.21,780.29,2149.99,24.26,-0.09,4.99,-8.24,-0.02,-0.08,0.02
26.21,780.29,2150.05,24.29,-0.60,5.62,-8.05,-0.09,-0.27,-0.01
26.21,780.30,2149.89,24.30,-2.01,5.60,-7.79,-0.28,-0.46,-0.04
26.22,780.31,2149.83,24.32,-3.59,7.54,-6.42,-1.17,-0.99,-0.33
26.22,780.26,2150.33,24.33,-4.50,7.53,-0.48,-2.42,-1.21,-0.13
26.21,780.28,2150.10,24.36,-3.11,4.28,7.02,-1.03,-0.30,0.15
26.21,780.26,2150.37,24.35,-3.22,3.35,8.17,-0.63,-0.85,0.51
26.21,780.24,2150.53,24.34,0.24,2.81,9.90,-0.23,-0.00,0.24
26.21,780.25,2150.48,24.32,-0.68,1.98,9.87,-0.11,0.09,-0.16
26.21,780.25,2150.41,24.30,-0.72,2.16,10.23,-0.15,0.08,-0.11
26.21,780.24,2150.53,24.27,-0.63,0.30,9.41,0.11,-0.13,-0.08
26.21,780.22,2150.72,24.25,-0.43,0.83,10.09,-0.05,0.10,-0.19
26.21,780.23,2150.62,24.21,-0.63,1.23,10.23,0.04,0.07,-0.12
26.22,780.29,2150.08,24.20,-1.23,2.14,9.83,0.43,0.24,-0.20
26.22,780.25,2150.45,24.20,-0.41,2.66,9.81,0.20,0.07,0.01
26.22,780.28,2150.15,24.24,-1.68,2.60,9.99,0.12,0.18,-0.15
26.22,780.27,2150.22,24.31,-1.31,3.17,10.08,0.05,-0.01,-0.08
26.22,780.28,2150.19,24.35,-1.45,2.47,9.75,0.01,0.09,-0.10
26.22,780.27,2150.26,24.39,-1.33,2.47,9.79,0.03,0.04,-0.08
26.22,780.26,2150.31,24.44,-1.69,0.64,9.79,0.05,-0.02,-0.16
26.22,780.23,2150.62,24.51,-1.84,2.44,9.47,0.01,-0.10,-0.03
26.22,780.25,2150.41,24.58,-1.75,1.89,9.65,-0.07,0.08,-0.07
26.22,780.27,2150.28,24.61,-2.33,3.98,9.88,-0.06,0.05,0.10
26.22,780.24,2150.52,24.74,-1.74,2.89,9.64,0.07,-0.23,-0.05
26.22,780.24,2150.50,24.75,-1.17,1.79,9.64,0.04,-0.14,-0.03
26.22,780.27,2150.28,24.75,-0.79,3.14,9.86,-0.05,-0.00,-0.08
26.22,780.24,2150.50,24.73,-1.82,3.47,9.50,-0.02,0.01,0.02
26.22,780.26,2150.30,24.69,-1.03,3.31,9.55,-0.08,-0.07,0.06
26.22,780.25,2150.43,24.64,-1.06,2.72,10.40,-0.23,-0.39,0.06
26.22,780.25,2150.45,24.61,-2.02,2.70,9.65,0.02,0.08,-0.03
26.22,780.26,2150.30,24.60,-0.75,3.21,9.68,0.05,0.03,0.09
26.22,780.24,2150.50,24.60,-1.61,1.99,9.32,-0.02,0.06,-0.02
26.22,780.24,2150.56,24.59,-0.59,2.85,9.92,0.09,-0.17,0.04
26.22,780.24,2150.54,24.57,-1.76,2.80,9.93,-0.19,-0.32,0.20
26.22,780.24,2150.57,24.56,-1.99,3.19,9.68,0.11,0.06,-0.19
26.22,780.24,2150.56,24.54,-1.91,3.47,9.49,0.26,0.03,0.03
26.22,780.23,2150.61,24.51,-0.75,3.84,9.16,-0.21,0.13,0.19
26.23,780.23,2150.63,24.49,-1.03,3.19,8.99,-0.28,0.26,0.17
26.23,780.24,2150.58,24.47,-2.30,2.11,9.80,-0.04,0.07,-0.01
26.23,780.24,2150.56,24.44,-1.84,2.19,10.02,-0.07,0.02,-0.04
26.23,780.24,2150.53,24.43,-0.50,1.10,9.52,0.03,-0.05,-0.04
26.23,780.25,2150.43,24.42,-1.91,3.46,9.22,-0.12,-0.02,0.11
26.23,780.26,2150.48,24.41,-1.96,2.65,9.89,-0.01,0.03,0.03
26.23,780.26,2150.33,24.39,-1.60,2.15,9.71,0.10,0.11,0.17
26.23,780.27,2150.28,24.38,-1.62,2.72,9.45,-0.01,0.01,0.03
26.23,780.26,2150.39,24.35,-1.65,2.50,9.84,0.03,-0.15,-0.03
26.23,780.27,2150.74,24.32,-1.19,2.09,9.82,0.07,-0.00,-0.10
26.23,780.24,2150.52,24.29,-0.80,2.53,9.40,-0.06,0.11,-0.13
26.23,780.23,2150.61,24.28,-1.13,2.35,9.68,0.07,0.02,-0.07
26.23,780.25,2150.45,24.25,-0.76,1.68,9.71,-0.09,-0.14,0.02
26.23,780.25,2150.43,24.22,-0.20,0.76,9.15,-0.22,0.41,-0.06
26.23,780.24,2150.51,24.18,0.00,1.43,10.12,0.08,0.01,-0.10
26.23,780.25,2150.45,24.16,-0.28,1.09,10.01,0.06,-0.09,0.09
26.23,780.25,2150.46,24.14,-0.47,1.31,10.14,0.02,0.05,-0.02
26.23,780.24,2150.57,24.13,-2.08,2.86,10.40,0.12,0.02,-0.09
26.24,780.24,2150.54,24.14,-0.75,1.59,10.00,0.03,0.13,-0.18
26.23,780.24,2150.58,24.09,-1.11,2.20,10.15,-0.02,0.04,0.04
26.23,780.25,2150.42,24.07,-1.09,-0.28,8.49,-0.04,-0.25,-0.16
26.23,780.23,2150.64,24.06,-2.27,3.23,9.25,0.23,-0.02,-0.02
26.24,780.25,2150.42,24.06,-1.11,2.76,10.09,-0.06,0.11,-0.11
26.23,780.25,2150.42,24.08,-1.75,2.58,11.09,-0.08,-0.28,0.26
26.24,780.26,2150.37,24.08,-1.46,1.74,9.90,0.08,-0.07,-0.01
26.24,780.24,2150.50,24.06,-0.01,2.78,9.05,0.11,0.01,-0.13
26.24,780.23,2150.61,24.03,-0.80,3.07,10.16,-0.12,-0.13,-0.01
26.24,780.25,2150.40,23.98,-1.30,3.75,9.90,0.03,0.01,0.03
26.24,780.24,2150.52,23.99,-0.58,2.94,9.76,-0.09,0.02,0.03
26.24,780.25,2150.46,24.04,-0.70,3.19,10.18,-0.01,0.24,-0.13
26.24,780.26,2150.34,24.04,0.76,4.57,8.48,0.20,-0.25,0.27
26.24,780.25,2150.41,24.08,-0.02,4.52,8.49,0.24,-0.13,0.20
26.24,780.28,2150.15,24.15,0.34,5.48,8.38,0.29,-0.04,0.07
26.24,780.24,2150.58,24.22,0.06,6.55,7.13,0.58,0.15,0.38
26.24,780.25,2150.49,24.25,0.06,7.38,7.02,-0.10,-0.11,0.21
26.24,780.27,2150.22,24.30,0.86,7.08,6.38,-0.01,0.37,-0.32
26.24,780.23,2150.70,24.35,1.18,6.27,7.05,0.19,0.13,-0.06
26.24,780.22,2150.77,24.35,0.43,6.63,6.61,0.29,0.16,-0.20
26.24,780.23,2150.61,24.35,4.11,3.30,5.64,-0.03,0.00,0.17
26.24,780.26,2150.34,24.37,2.27,9.21,4.18,0.09,0.12,0.05
26.24,780.27,2150.25,24.37,2.15,9.13,4.08,0.06,-0.02,0.03
26.24,780.26,2150.39,24.35,1.10,9.09,4.13,0.00,-0.08,-0.36
26.24,780.24,2150.56,24.34,0.17,9.03,3.95,-0.08,-0.01,-0.12
26.24,780.22,2150.72,24.32,0.38,6.55,5.50,-0.10,0.14,-0.33
26.24,780.26,2150.32,24.32,0.59,8.90,4.89,-0.02,0.00,-0.02
26.24,780.26,2150.36,24.32,1.26,9.34,5.29,-0.14,0.07,0.20
26.24,780.25,2150.41,24.31,0.51,8.62,4.91,-0.16,-0.03,0.07
26.25,780.26,2150.31,24.30,-0.31,8.20,5.39,-0.10,0.07,-0.10
26.24,780.24,2150.53,24.30,-0.26,7.72,5.57,-0.10,0.08,-0.06
26.25,780.25,2150.48,24.30,-0.42,7.77,5.67,-0.02,0.01,-0.04
26.25,780.24,2150.58,24.31,-0.20,8.25,5.72,-0.11,-0.01,0.11
26.24,780.25,2150.50,24.34,-0.32,7.57,5.78,-0.05,0.01,0.02
26.25,780.25,2150.45,24.31,-0.70,8.02,6.07,-0.06,-0.01,-0.03
26.25,780.25,2150.41,24.32,-0.51,7.67,6.05,-0.09,0.03,-0.02
26.25,780.25,2150.43,24.29,-0.48,7.66,6.05,-0.02,0.00,0.03
26.25,780.24,2150.55,24.28,-0.47,7.40,6.18,-0.03,-0.02,0.06
26.25,780.25,2150.50,24.26,-0.53,7.28,6.60,0.06,0.07,-0.11
26.25,780.26,2150.34,24.25,-0.20,7.36,6.06,-0.01,0.01,-0.04
26.25,780.28,2150.17,24.26,-0.35,7.90,5.77,-0.22,-0.15,-0.17
26.25,780.27,2150.21,24.26,-0.15,7.53,5.99,-0.01,0.12,0.06
26.25,780.30,2149.95,24.29,0.05,7.75,6.88,-0.05,0.14,0.05
26.25,780.28,2150.19,24.29,0.12,7.43,6.36,-0.01,-0.03,0.05
26.25,780.30,2149.95,24.28,0.31,7.64,6.60,-0.07,0.01,0.04
26.26,780.31,2149.85,24.24,0.37,6.80,6.52,-0.03,-0.05,0.13
26.26,780.30,2149.89,24.22,-0.11,6.63,6.58,0.07,0.07,0.05
26.26,780.26,2150.36,24.22,-0.07,7.53,6.65,0.04,0.03,-0.01
26.25,780.25,2150.45,24.23,-0.62,7.51,6.47,0.01,0.06,0.03
26.25,780.26,2150.31,24.24,0.20,7.73,6.19,-0.04,-0.10,0.09
26.26,780.25,2150.44,24.22,-0.06,7.38,6.20,-0.03,-0.04,0.04
26.25,780.28,2150.19,24.22,-0.09,7.10,6.74,-0.02,0.03,0.05
26.26,780.26,2150.32,24.21,0.14,7.17,6.43,0.02,0.09,-0.04
26.26,780.25,2150.42,24.23,0.49,8.04,5.68,0.01,0.16,-0.11
26.26,780.26,2150.37,24.22,0.61,7.41,6.14,-0.02,0.09,-0.26
26.26,780.26,2150.33,24.23,0.16,7.32,6.57,-0.01,0.02,-0.04
26.26,780.26,2150.32,24.25,-0.29,7.89,6.54,-0.13,-0.03,-0.02
26.26,780.26,2150.37,24.26,0.83,7.25,6.64,-0.08,-0.06,-0.01
26.26,780.27,2150.27,24.28,0.28,7.67,6.67,-0.03,-0.02,0.00
26.26,780.26,2150.37,24.29,-0.02,7.67,6.52,0.01,-0.04,-0.01
26.26,780.25,2150.43,24.29,0.81,7.44,6.42,-0.01,-0.02,0.04
26.26,780.24,2150.51,24.28,1.49,6.85,6.53,-0.00,0.06,-0.02
26.26,780.24,2150.55,24.29,0.13,6.10,7.39,0.15,-0.11,-0.17
26.25,780.26,2150.35,24.28,0.85,7.09,6.44,-0.03,-0.04,0.02
26.26,780.23,2150.66,24.28,1.47,7.35,6.35,-0.02,-0.09,-0.10
26.27,780.25,2150.43,24.27,1.13,6.94,5.56,-0.00,0.16,-0.17
26.26,780.26,2150.30,24.26,0.63,7.52,6.84,-0.01,0.04,-0.06
26.26,780.26,2150.31,24.31,0.57,7.72,6.58,-0.10,-0.04,0.19
26.26,780.26,2150.31,24.34,0.71,7.35,6.47,0.00,0.16,-0.11
26.26,780.24,2150.58,24.39,-0.07,7.98,6.56,-0.05,0.02,0.12
26.26,780.24,2150.51,24.39,0.08,7.55,6.71,-0.05,-0.07,0.11
26.26,780.27,2150.27,24.38,-0.25,8.11,7.34,-0.01,-0.09,0.03
26.27,780.23,2150.67,24.37,-0.06,7.89,6.65,0.02,0.04,0.03
26.26,780.27,2150.25,24.36,0.44,7.18,6.75,-0.03,0.04,0.01
26.27,780.24,2150.50,24.37,1.02,7.18,6.84,-0.05,0.08,-0.00
26.26,780.25,2150.48,24.41,0.71,6.90,6.93,0.01,0.15,-0.27
26.27,780.25,2150.40,24.41,0.01,8.41,6.67,0.03,0.08,-0.08
26.27,780.26,2150.36,24.42,1.41,7.23,6.14,0.10,0.12,-0.16
26.26,780.28,2150.13,24.42,0.47,7.22,7.03,-0.01,0.01,0.07
26.27,780.22,2150.71,24.40,1.09,7.43,6.80,-0.01,0.11,-0.11
26.27,780.25,2150.48,24.39,0.86,7.33,6.77,-0.08,-0.01,-0.02
26.27,780.27,2150.21,24.38,1.25,7.37,6.84,0.00,0.05,-0.05
26.27,780.24,2150.53,24.37,1.76,7.04,6.32,-0.08,-0.12,0.14
26.27,780.25,2150.49,24.37,0.67,7.75,6.26,-0.03,-0.02,0.11
26.27,780.27,2150.21,24.38,0.95,6.80,7.09,-0.00,-0.13,0.04
26.27,780.24,2150.52,24.40,1.15,7.58,6.30,0.08,-0.05,0.15
26.27,780.23,2150.66,24.42,2.02,8.48,6.51,-0.42,0.06,-0.00
26.27,780.24,2150.59,24.42,0.89,6.27,7.62,-0.69,0.12,0.15
26.27,780.24,2150.56,24.42,1.55,4.77,8.53,-0.19,0.05,-0.01
26.28,780.26,2150.30,24.42,1.15,4.74,9.28,-0.14,0.12,-0.08
26.27,780.25,2150.40,24.43,0.84,4.61,8.87,-0.03,0.03,-0.04
26.27,780.25,2150.46,24.45,0.98,4.52,9.01,0.00,-0.04,-0.06
26.28,780.24,2150.58,24.47,1.25,4.64,8.83,-0.01,0.03,-0.03
26.28,780.25,2150.49,24.51,1.05,4.72,8.83,0.04,0.09,-0.06
26.28,780.22,2150.72,24.54,0.81,4.39,8.67,-0.02,0.13,-0.13
26.28,780.23,2150.70,24.56,1.05,4.95,8.77,0.07,0.06,0.07
26.28,780.25,2150.48,24.54,-0.48,4.64,9.19,-0.15,-0.04,0.04
26.27,780.24,2150.54,24.54,-0.07,4.90,8.97,-0.04,-0.11,-0.01
26.28,780.26,2150.33,24.53,-0.16,4.67,8.96,-0.01,0.13,-0.15
26.28,780.24,2150.51,24.47,0.42,4.56,9.22,-0.07,0.03,0.06
26.28,780.22,2150.74,24.48,0.21,4.43,9.14,-0.14,-0.16,0.14
26.28,780.24,2150.53,24.45,0.14,4.58,9.77,-0.11,0.12,0.05
26.28,780.27,2150.24,24.42,1.17,3.71,9.54,-0.04,-0.02,0.10
26.28,780.26,2150.31,24.41,1.04,4.24,9.52,-0.04,-0.06,-0.04
26.28,780.26,2150.36,24.38,1.24,3.63,9.98,0.01,0.07,0.02
26.28,780.25,2150.48,24.38,1.56,3.65,9.29,0.02,0.05,-0.05
26.29,780.24,2150.57,24.37,0.81,4.03,9.68,0.01,0.03,-0.05
26.28,780.25,2150.50,24.35,2.09,2.73,9.53,0.17,0.22,-0.17
26.28,780.25,2150.43,24.32,1.92,3.59,9.54,-0.04,-0.04,0.02
26.29,780.24,2150.51,24.31,1.88,2.81,9.30,-0.07,0.02,0.04
26.29,780.28,2150.15,24.37,2.19,3.28,9.40,-0.07,-0.08,-0.02
26.29,780.28,2150.16,24.48,1.48,3.64,9.86,-0.07,0.08,-0.03
26.29,780.29,2150.01,24.59,1.63,3.04,9.85,-0.14,-0.01,0.04
26.29,780.24,2150.51,24.66,2.34,2.92,9.54,-0.10,-0.02,-0.02
26.29,780.23,2150.61,24.70,0.75,4.32,13.65,-0.04,-0.02,-0.04
26.28,780.26,2150.36,24.73,2.55,2.93,9.73,-0.01,0.05,-0.07
26.29,780.27,2150.27,24.78,1.38,2.62,10.08,-0.44,-0.49,0.42
26.29,780.25,2150.49,24.87,3.28,1.89,9.38,-0.04,-0.03,-0.24
26.29,780.26,2150.30,24.95,2.26,2.34,9.98,-0.28,-0.24,-0.05
26.29,780.24,2150.59,25.03,1.21,2.41,10.17,-0.08,0.20,-0.14
26.29,780.26,2150.39,25.09,1.13,1.53,10.49,-0.32,-0.10,-0.04
26.29,780.25,2150.47,25.12,1.80,1.08,9.87,0.22,0.10,-0.21
26.28,780.26,2150.38,25.06,1.67,2.02,10.08,0.04,0.02,0.08
26.29,780.24,2150.52,25.00,2.34,1.25,9.92,0.06,0.08,-0.08
26.28,780.24,2150.55,24.95,2.02,1.54,9.84,0.01,0.08,-0.02
26.29,780.24,2150.56,24.95,1.63,2.75,9.63,-0.08,0.05,0.02
26.29,780.23,2150.68,24.96,1.65,2.33,9.52,-0.15,-0.14,0.07
26.28,780.26,2150.41,25.00,0.69,3.03,10.51,-0.08,-0.06,-0.04
26.28,780.24,2150.57,25.00,1.73,2.40,9.84,0.05,-0.07,0.02
26.28,780.24,2150.59,24.99,1.70,2.70,9.54,0.07,-0.05,0.08
26.28,780.25,2150.50,24.96,1.16,2.36,9.37,0.11,0.09,-0.27
26.28,780.27,2150.29,24.97,-0.54,3.05,11.38,-0.21,0.02,0.30
26.28,780.24,2150.58,25.04,0.69,2.17,11.07,-0.15,-0.10,0.70
26.28,780.25,2150.45,25.09,1.73,0.55,10.01,-0.19,0.08,0.27
26.28,780.23,2150.65,25.21,1.05,0.19,9.99,-0.22,-0.16,0.23
26.28,780.27,2150.29,25.21,0.14,0.24,10.71,-0.02,-0.05,0.28
26.28,780.27,2150.25,25.19,1.22,0.61,9.77,-0.06,-0.14,-0.00
26.28,780.26,2150.31,25.19,1.27,0.08,9.81,-0.07,-0.04,0.07
26.28,780.25,2150.41,25.15,1.86,0.56,9.77,0.02,0.16,-0.07
26.28,780.22,2150.72,25.17,3.04,-1.77,8.53,0.10,0.86,0.29
26.28,780.24,2150.55,25.15,0.19,0.40,10.03,0.01,0.04,0.13
26.28,780.24,2150.53,25.11,0.28,0.38,9.89,-0.03,0.04,0.02
26.28,780.25,2150.49,25.11,-0.45,0.29,10.92,-0.02,0.17,-0.05
26.28,780.24,2150.60,25.02,-0.68,0.37,9.81,-0.06,-0.04,0.19
26.27,780.25,2150.42,25.01,-0.61,0.98,10.25,-0.15,-0.04,0.12
26.28,780.22,2150.74,25.08,-1.57,-1.09,9.77,-0.05,0.08,0.03
26.28,780.26,2150.34,25.17,-0.18,-0.06,9.89,0.13,-0.06,-0.11
26.28,780.25,2150.48,25.25,-1.91,0.53,9.79,-0.05,-0.15,0.12
26.28,780.24,2150.57,25.28,-0.51,0.49,10.55,-0.01,-0.15,0.05
26.28,780.23,2150.65,25.29,-0.28,0.42,9.87,-0.08,-0.00,0.03
26.28,780.25,2150.48,25.28,1.17,0.64,8.56,-0.04,-0.25,0.02
26.27,780.23,2150.63,25.26,0.08,0.29,10.30,-0.10,0.08,0.02
26.27,780.21,2150.82,25.22,-0.22,-0.10,10.38,0.01,0.01,-0.03
26.28,780.25,2150.43,25.17,-0.34,0.06,10.30,-0.01,-0.11,-0.13
26.27,780.22,2150.72,25.10,0.91,-0.17,9.69,-0.10,0.15,-0.04
26.27,780.24,2150.53,25.03,0.25,-0.40,10.42,-0.02,-0.02,-0.12
26.27,780.24,2150.52,24.98,-0.38,-0.27,10.32,0.03,-0.03,-0.04
26.27,780.25,2150.47,24.91,0.16,-0.33,10.75,0.02,0.13,0.05
26.27,780.24,2150.58,24.84,-0.06,-0.51,10.30,-0.15,0.07,0.03
26.27,780.26,2150.39,24.77,-0.61,-0.90,11.53,0.18,0.12,0.14
26.27,780.27,2150.23,24.73,-0.39,-0.21,10.40,0.12,-0.04,0.01
26.27,780.26,2150.30,24.68,-0.18,-0.00,10.26,0.12,-0.07,-0.17
26.27,780.25,2150.47,24.63,0.28,-0.09,10.28,-0.01,-0.04,0.04
26.27,780.26,2150.37,24.59,-0.34,-0.08,10.29,0.02,0.10,-0.04
26.27,780.22,2150.71,24.57,-0.05,-0.40,10.27,-0.01,0.04,0.05
26.27,780.26,2150.33,24.58,0.49,0.64,10.26,0.15,0.08,-0.19
26.27,780.25,2150.42,24.58,-0.14,0.20,10.30,-0.09,0.00,-0.03
26.27,780.27,2150.29,24.60,0.12,0.23,10.38,-0.01,0.04,-0.01
26.27,780.25,2150.40,24.62,-0.04,0.38,10.14,-0.01,-0.04,0.01
26.27,780.27,2150.21,24.59,0.35,0.20,9.89,-0.03,0.01,-0.02
26.27,780.23,2150.67,24.63,0.27,0.27,10.45,-0.01,0.08,0.00
26.27,780.27,2150.28,24.63,0.43,0.38,10.14,0.11,-0.01,-0.15
26.27,780.23,2150.66,24.65,0.37,1.03,10.32,-0.00,0.07,-0.07
26.27,780.25,2150.41,24.68,-0.02,-2.60,9.11,0.00,0.06,-0.18
26.27,780.27,2150.25,24.74,1.37,1.21,8.58,0.12,-0.05,-0.01
26.27,780.25,2150.40,24.81,0.44,0.60,9.71,-0.00,0.05,-0.13
26.27,780.26,2150.33,24.88,1.03,1.07,9.91,-0.36,0.15,-0.12
26.27,780.28,2150.14,24.96,1.42,-3.17,11.19,-0.26,0.03,-0.11
26.27,780.27,2150.28,25.00,0.44,2.81,13.60,-0.12,-0.16,-0.10
26.27,780.27,2150.24,25.05,1.18,-0.77,10.17,0.21,0.07,-0.14
26.26,780.25,2150.46,25.12,1.15,-1.66,10.60,-0.37,-0.05,0.03
26.27,780.28,2150.14,25.19,0.53,-0.32,10.32,0.34,-0.07,0.07
26.27,780.25,2150.50,25.27,1.10,-0.51,10.20,0.20,-0.03,-0.03
26.27,780.26,2150.38,25.32,1.10,0.94,10.34,0.08,0.15,0.02
26.27,780.27,2150.22,25.35,0.88,1.01,10.42,-0.06,0.03,0.02
26.27,780.28,2150.14,25.35,0.66,1.21,10.38,0.09,0.09,-0.07
26.27,780.27,2150.21,25.37,0.43,0.22,10.41,-0.17,-0.09,0.06
26.27,780.29,2150.05,25.42,1.25,1.11,10.02,0.16,-0.02,-0.02
26.27,780.25,2150.45,25.49,0.97,1.00,10.22,0.05,0.14,-0.10
26.26,780.26,2150.32,25.63,0.20,0.38,9.95,0.00,0.12,-0.07
26.26,780.25,2150.46,25.83,0.56,0.68,10.35,-0.14,-0.00,0.12
26.26,780.24,2150.51,25.96,0.64,0.19,9.78,0.02,-0.06,-0.08
26.27,780.27,2150.29,26.02,0.98,0.95,10.62,-0.01,0.05,-0.18
26.26,780.24,2150.57,26.01,0.57,0.09,10.26,0.05,-0.07,0.03
26.26,780.24,2150.57,25.95,1.19,0.26,10.34,0.07,0.11,-0.03
26.27,780.27,2150.27,25.87,1.02,0.39,9.84,-0.01,-0.12,-0.02
26.27,780.24,2150.54,25.76,1.06,0.65,10.11,-0.03,0.05,-0.05
26.26,780.24,2150.55,25.70,1.04,0.60,10.33,0.04,0.06,-0.01
26.27,780.26,2150.38,25.63,0.91,0.72,10.21,-0.01,-0.00,-0.07
26.26,780.25,2150.50,25.59,0.80,0.93,10.32,-0.01,0.01,-0.02
26.26,780.27,2150.25,25.53,0.94,1.10,10.31,0.02,-0.04,-0.05
26.26,780.24,2150.58,25.49,0.76,0.81,10.32,-0.04,-0.04,0.06
26.26,780.24,2150.55,25.45,1.21,0.23,10.24,-0.05,-0.02,0.03
26.26,780.22,2150.72,25.42,1.43,0.89,10.22,0.02,-0.06,0.02
26.26,780.23,2150.62,25.38,1.12,0.59,10.29,0.03,0.01,-0.05
26.26,780.25,2150.44,25.39,1.29,0.90,10.26,0.02,-0.07,-0.03
26.26,780.24,2150.57,25.45,1.75,0.67,9.87,-0.03,0.07,0.01
26.26,780.27,2150.27,25.53,0.91,0.98,10.42,-0.01,0.14,-0.07
26.26,780.26,2150.30,25.66,0.17,1.46,10.24,0.05,0.10,0.01
26.26,780.27,2150.29,25.70,0.79,1.25,10.12,-0.13,0.04,-0.02
26.26,780.25,2150.49,25.72,0.34,0.57,10.10,0.04,0.11,-0.16
26.26,780.24,2150.59,25.75,0.28,0.97,10.14,0.01,0.02,0.03
26.26,780.23,2150.67,25.78,0.49,0.56,10.35,-0.02,-0.01,-0.04
26.26,780.27,2150.23,25.79,0.04,1.24,10.32,-0.06,-0.06,0.06
26.26,780.23,2150.61,25.81,0.25,0.52,10.22,-0.08,-0.10,-0.00
26.26,780.25,2150.46,25.83,0.50,0.65,10.23,0.01,0.02,-0.00
26.26,780.23,2150.68,25.81,0.92,0.84,10.34,0.01,-0.02,0.02
26.25,780.22,2150.71,25.81,1.14,0.32,10.18,-0.04,-0.03,-0.07
26.25,780.27,2150.19,25.80,1.04,-0.02,10.30,-0.02,-0.06,0.06
26.25,780.24,2150.52,25.83,0.95,1.13,10.19,0.03,0.03,-0.01
26.26,780.24,2150.59,25.87,0.60,0.07,10.29,-0.09,0.18,-0.14
26.25,780.29,2150.06,25.94,-0.06,1.75,10.58,-0.03,0.18,-0.10
26.25,780.25,2150.48,26.02,-0.24,0.55,10.07,-0.00,0.01,-0.02
26.26,780.26,2150.33,26.09,0.27,0.57,10.35,-0.06,0.03,-0.08
26.25,780.21,2150.87,26.21,-0.01,0.90,10.32,-0.04,0.03,-0.02
26.25,780.24,2150.54,26.30,0.11,0.90,10.17,-0.07,-0.13,0.02
26.25,780.25,2150.49,26.32,0.35,0.60,10.07,-0.06,-0.02,-0.02
26.25,780.27,2150.21,26.28,0.52,0.47,10.28,0.01,0.10,-0.06
26.25,780.27,2150.30,26.23,0.19,-0.45,9.86,0.11,0.12,0.02
26.25,780.27,2150.27,26.21,-0.28,0.45,10.20,-0.10,0.00,-0.05
26.25,780.25,2150.48,26.18,-0.29,0.28,10.15,-0.05,0.15,-0.06
26.25,780.24,2150.55,26.15,-0.57,0.65,10.03,-0.13,-0.16,0.08
26.25,780.25,2150.48,26.17,-0.65,0.38,10.26,0.03,-0.03,0.01
26.25,780.24,2150.52,26.22,-1.10,0.42,9.94,0.01,0.22,0.04
26.25,780.26,2150.33,26.31,-0.75,0.28,9.98,-0.03,-0.05,0.07
26.24,780.27,2150.22,26.39,-1.19,0.57,10.14,0.09,0.08,-0.06
26.25,780.26,2150.36,26.46,-1.07,0.44,9.87,-0.36,-0.41,0.34
26.25,780.26,2150.33,26.52,-0.26,0.36,10.20,-0.08,-0.11,-0.08
26.24,780.25,2150.46,26.58,0.07,0.87,10.55,-0.06,0.01,-0.28
26.24,780.26,2150.39,26.68,-2.38,0.78,9.48,0.07,-0.21,0.41
26.25,780.27,2150.22,26.74,-0.63,1.06,10.23,-0.04,-0.05,0.14
26.24,780.26,2150.39,26.79,-0.37,0.92,10.20,-0.12,-0.06,0.04
26.24,780.24,2150.54,26.82,-0.56,0.37,10.32,0.05,-0.06,0.06
26.24,780.24,2150.51,26.92,0.57,0.47,10.14,-0.05,-0.20,-0.01
26.24,780.23,2150.65,26.97,0.92,-0.39,10.19,0.17,0.22,-0.01
26.24,780.27,2150.27,27.00,-0.06,1.01,10.22,0.15,0.13,-0.05
26.24,780.23,2150.51,27.02,-0.40,0.57,10.20,-0.19,0.05,-0.12
26.24,780.29,2150.06,27.00,0.17,0.36,10.41,0.03,-0.01,-0.10
26.24,780.26,2150.33,27.04,-2.91,1.01,10.11,0.13,-0.02,0.13
26.23,780.26,2150.38,27.00,0.37,1.15,10.11,0.10,-0.02,-0.10
26.23,780.26,2150.33,26.91,0.64,0.68,10.19,0.02,-0.03,-0.02
26.23,780.24,2150.57,26.88,-0.09,0.76,9.89,-0.00,-0.03,0.09
26.23,780.24,2150.52,26.83,-1.12,1.06,9.89,-0.05,0.01,-0.18
26.23,780.24,2150.55,26.79,0.33,0.79,10.05,0.01,-0.03,-0.04
26.23,780.26,2150.38,26.75,-0.53,0.77,10.18,0.04,-0.17,0.03
26.23,780.26,2150.36,26.71,-0.42,0.89,10.28,-0.11,0.03,-0.16
26.23,780.27,2150.24,26.65,-0.24,2.00,10.69,-0.07,-0.20,0.07
26.23,780.25,2150.41,26.59,-0.37,1.55,10.02,-0.14,-0.16,0.07
26.23,780.26,2150.39,26.58,0.00,1.20,10.06,-0.04,0.04,0.03
26.23,780.27,2150.25,26.66,0.05,1.01,10.25,-0.09,-0.01,-0.03
26.23,780.26,2150.32,26.79,0.57,1.78,10.24,-0.01,-0.01,0.00
26.23,780.27,2150.25,26.86,-0.07,1.15,10.21,-0.04,0.08,-0.08
26.23,780.30,2149.96,26.90,0.22,0.65,10.27,-0.03,-0.01,-0.06
26.22,780.27,2150.21,26.92,-0.63,1.01,10.41,-0.04,-0.07,0.09
26.22,780.26,2150.33,26.91,0.47,0.84,9.97,-0.09,0.01,-0.05
26.22,780.26,2150.35,26.89,0.45,1.22,10.41,-0.06,-0.02,0.01
26.22,780.27,2150.26,26.82,0.55,1.77,10.57,-0.08,0.10,-0.01
26.22,780.26,2150.36,26.81,0.53,0.49,10.15,-0.00,-0.03,-0.05
26.21,780.26,2150.31,26.79,2.00,-0.58,10.80,-0.14,-0.10,-0.08
26.21,780.25,2150.49,26.78,0.59,-0.17,10.15,0.11,0.13,-0.11
26.22,780.25,2150.46,26.80,0.01,0.78,10.23,-0.03,0.02,-0.11
26.21,780.27,2150.22,26.77,0.06,0.59,9.93,-0.08,-0.14,0.13
26.21,780.25,2150.47,26.72,-0.34,1.95,11.29,-0.05,0.06,0.09
26.21,780.22,2150.72,26.71,0.27,0.32,10.51,0.03,-0.18,0.04
26.21,780.23,2150.65,26.69,0.08,0.92,10.11,0.07,0.07,-0.12
26.21,780.24,2150.58,26.68,-1.55,1.60,10.41,-0.09,-0.06,0.09
26.20,780.26,2150.40,26.68,-0.42,0.80,10.38,-0.06,-0.14,-0.09
26.20,780.25,2150.47,26.66,0.26,0.55,10.31,0.00,0.05,-0.08
26.20,780.24,2150.52,26.67,0.07,0.59,10.18,0.08,-0.04,0.08
26.20,780.24,2150.54,26.68,0.36,1.00,10.25,-0.20,-0.27,0.21
26.20,780.24,2150.55,26.67,0.10,0.53,10.27,-0.04,-0.19,-0.07
26.20,780.23,2150.63,26.65,0.34,0.00,10.29,0.03,0.04,-0.20
26.20,780.22,2150.72,26.65,-0.42,0.42,9.83,-0.08,0.07,0.30
26.20,780.25,2150.50,26.66,-0.27,-0.03,10.03,0.01,0.03,0.02
26.19,780.26,2150.33,26.68,2.83,-1.48,9.97,0.10,0.09,-0.03
26.20,780.28,2150.16,26.73,0.35,-0.02,10.17,-0.11,0.07,-0.07
26.19,780.26,2150.33,26.77,0.34,-0.23,10.10,0.04,0.02,-0.15
26.20,780.25,2150.49,26.77,0.73,0.32,9.89,0.07,0.06,0.02
26.19,780.26,2150.39,26.74,0.96,-1.33,10.37,0.20,0.06,0.16
26.19,780.23,2150.69,26.73,0.30,0.38,10.18,0.04,-0.01,-0.02
26.19,780.24,2150.56,26.76,0.23,1.58,10.34,0.09,0.09,-0.16
26.19,780.26,2150.35,26.81,0.33,0.72,10.55,0.10,0.13,-0.05
26.19,780.23,2150.68,26.85,-1.63,0.36,10.75,-0.28,0.04,0.18
26.19,780.27,2150.23,26.90,0.60,0.08,10.61,-0.18,-0.13,0.11
26.19,780.26,2150.35,26.93,0.64,0.17,10.58,-0.08,-0.02,-0.09
26.18,780.27,2150.22,26.94,0.82,-0.31,10.17,-0.02,0.01,0.12
26.18,780.26,2150.36,26.93,0.99,-0.23,10.04,0.02,-0.03,-0.04
26.18,780.24,2150.51,26.90,1.54,0.10,10.55,0.07,-0.03,-0.08
26.18,780.25,2150.49,26.83,0.70,-0.15,10.24,-0.18,0.26,-0.13
26.18,780.26,2150.30,26.76,0.40,0.03,9.97,-0.03,-0.11,-0.02
26.18,780.23,2150.63,26.74,0.44,0.15,10.43,0.06,0.12,-0.14
26.18,780.23,2150.66,26.74,0.48,0.59,10.57,0.18,0.03,-0.09
26.18,780.25,2150.47,26.71,0.34,0.04,9.97,-0.14,0.27,-0.18
26.18,780.22,2150.73,26.65,-0.10,-0.32,10.11,0.28,0.20,0.06
26.17,780.25,2150.50,26.60,-0.64,-0.34,9.38,0.65,0.74,-0.20
26.17,780.24,2150.60,26.57,-3.26,1.36,9.63,0.53,0.17,-0.23
26.18,780.26,2150.33,26.53,-5.20,3.21,7.76,0.91,0.64,-0.54
26.17,780.28,2150.17,26.47,-6.54,4.30,4.79,0.73,0.86,-0.67
26.17,780.26,2150.37,26.39,-8.91,2.89,1.64,0.25,0.64,-0.45
26.17,780.27,2150.23,26.24,-9.75,1.89,0.08,0.04,0.17,-0.16
26.17,780.31,2149.81,26.15,-9.33,1.82,-0.04,0.05,0.07,-0.01
26.16,780.26,2150.32,26.07,-8.65,1.36,-0.17,-0.02,0.10,-0.03
26.17,780.28,2150.11,26.01,-9.06,1.47,-0.63,-0.10,0.13,0.06
26.16,780.23,2150.65,25.95,-9.90,1.67,-1.06,-0.05,0.06,0.22
26.16,780.25,2150.43,25.90,-8.91,1.61,-1.30,-0.01,-0.10,0.17
26.16,780.24,2150.59,25.84,-9.61,2.26,-2.39,0.01,-0.01,0.04
26.16,780.27,2150.28,25.82,-9.28,0.50,0.45,-0.13,-0.17,0.09
26.16,780.24,2150.52,25.79,-8.35,1.41,-0.55,0.03,0.26,0.38
26.15,780.24,2150.60,25.75,-8.95,1.96,-0.79,0.12,-0.31,0.07
26.16,780.26,2150.64,25.68,-10.05,3.74,-1.25,-0.25,0.30,-0.00
26.15,780.24,2150.51,25.64,-9.17,3.85,-0.94,0.17,0.06,-0.33
26.15,780.31,2149.82,25.66,-8.97,1.50,-0.83,0.10,0.05,-0.11
26.15,780.25,2150.43,25.66,-9.38,1.14,-0.75,-0.01,-0.10,-0.24
26.15,780.23,2150.63,25.61,-9.39,0.59,-0.67,-0.16,0.04,-0.44
26.15,780.22,2150.73,25.55,-9.03,-0.14,-0.02,-0.34,-0.07,-0.17
26.15,780.28,2150.13,25.50,-9.48,-0.23,-1.35,-0.23,0.05,-0.20
26.14,780.23,2150.61,25.43,-9.15,-1.04,-0.94,0.01,-0.04,0.01
26.14,780.23,2150.69,25.38,-9.15,-1.17,-1.15,0.08,0.06,0.13
26.14,780.25,2150.48,25.33,-9.29,-0.57,-0.87,0.07,-0.04,-0.05
26.14,780.26,2150.17,25.25,-9.23,-1.57,-1.02,0.16,-0.12,0.07
26.14,780.25,2150.50,25.24,-9.20,-0.54,-0.75,0.05,-0.04,0.13
26.14,780.29,2150.08,25.21,-9.37,-0.12,-0.48,0.20,-0.02,0.12
26.14,780.26,2150.38,25.16,-9.03,0.04,-0.25,-0.12,0.07,-0.01
26.14,780.23,2150.67,25.12,-9.54,-0.20,-1.10,-0.18,0.04,0.17
26.13,780.22,2150.72,25.06,-9.69,0.94,-1.35,0.01,0.34,-0.10
26.13,780.26,2150.30,25.03,-9.40,0.81,-1.92,-0.14,-0.14,0.15
26.12,780.21,2150.84,24.98,-9.59,1.60,-0.97,-0.47,-0.14,0.01
26.12,780.24,2150.60,24.96,-8.34,1.54,-0.86,0.45,0.42,0.18
26.10,780.23,2150.61,24.95,-7.85,1.85,-1.66,1.73,-0.41,0.29
25.98,780.05,2152.47,24.94,-9.75,2.33,-3.23,0.60,0.02,0.31
26.05,780.17,2151.25,24.92,-8.85,3.03,-3.21,0.24,0.02,0.08
26.07,780.17,2151.27,24.90,-5.90,0.66,-3.21,2.10,-0.46,-0.57
26.12,780.24,2150.58,24.92,-6.78,-1.35,-2.89,2.71,-0.61,0.83
26.13,780.30,2149.93,24.83,-11.05,-1.04,-2.50,2.45,0.28,0.40
26.10,780.30,2149.92,24.82,-9.19,-1.19,-2.67,1.93,0.26,0.53
26.12,780.28,2150.10,24.80,-7.52,-1.24,-3.09,1.79,-0.01,0.34
26.12,780.34,2149.53,24.78,-7.31,-1.21,-1.42,1.25,-0.06,0.06
26.11,780.29,2150.02,24.75,-11.65,-1.12,-0.84,0.67,0.14,0.72
26.11,780.32,2149.75,24.74,-5.94,-0.79,-1.85,1.24,-0.78,0.23
26.12,780.33,2149.55,24.70,-10.63,-1.02,-1.68,0.46,0.10,0.29
26.12,780.33,2149.63,24.70,-10.34,-0.85,-0.47,-1.81,1.66,-1.15
26.12,780.32,2149.77,24.69,-8.63,-0.12,-1.59,0.72,-1.63,-0.03
26.11,780.30,2149.90,24.69,-12.08,-0.87,-1.53,-0.09,-0.63,0.39
26.11,780.27,2150.28,24.69,-6.21,-0.40,-0.49,-1.22,0.83,-0.82
26.11,780.29,2150.02,24.69,-12.04,-1.44,-1.36,-0.27,-0.10,0.09
26.11,780.31,2149.80,24.69,-8.93,-0.62,-1.74,1.84,-0.08,0.70
26.11,780.32,2149.70,24.68,-10.41,-1.00,-1.98,-0.25,0.06,0.60
26.11,780.33,2149.64,24.67,-9.51,-0.16,-1.46,-0.93,0.53,-0.35
26.11,780.30,2149.90,24.65,-7.49,-0.92,-2.66,-0.88,-0.44,-0.52
26.11,780.35,2149.45,24.62,-6.01,-0.84,-0.51,-0.84,-0.37,-0.30
26.10,780.34,2149.48,24.62,-7.70,-0.54,0.66,-0.56,-0.50,-0.11
26.10,780.33,2149.63,24.61,-10.79,-0.32,-0.27,0.50,-0.15,-0.24
26.10,780.38,2149.06,24.61,-8.90,0.46,-1.58,0.01,-0.06,-0.18
26.11,780.40,2148.95,24.60,-9.06,0.07,-1.67,-0.01,0.01,-0.05
26.11,780.37,2149.21,24.60,-9.12,-0.09,-1.65,-0.02,0.01,-0.01
26.11,780.40,2148.91,24.62,-9.11,-0.10,-1.70,-0.02,0.01,-0.02
26.11,780.38,2149.12,24.69,-9.06,-0.06,-1.70,-0.01,0.01,-0.02
26.11,780.37,2149.17,24.77,-9.08,-0.01,-1.81,-0.02,0.01,-0.01
26.11,780.38,2149.14,24.82,-9.20,-0.04,-1.65,-0.01,0.01,-0.02
26.11,780.38,2149.16,24.89,-7.93,-1.84,-2.15,0.01,-0.02,-0.03
26.11,780.44,2148.52,24.89,-9.11,-0.53,-1.02,-0.02,-0.00,-0.00
26.11,780.41,2148.84,24.91,-8.83,0.11,-1.57,-0.02,0.01,-0.01
26.11,780.43,2148.57,24.97,-9.11,-0.07,-1.70,-0.02,0.01,-0.02
26.11,780.43,2148.57,25.04,-9.16,-0.08,-1.69,-0.02,0.01,-0.01
26.12,780.44,2148.55,25.09,-9.12,-0.05,-1.74,-0.02,0.01,-0.01
26.11,780.45,2148.42,25.15,-9.24,-5.56,-1.50,0.02,0.01,0.02
26.12,780.46,2148.34,25.17,-9.06,1.11,-1.58,-0.03,0.01,-0.01
26.12,780.46,2148.34,25.20,-7.66,0.30,-1.64,-0.02,0.03,-0.03
26.12,780.46,2148.27,25.20,-10.02,0.79,-1.98,0.01,0.03,-0.05
26.12,780.56,2147.23,25.18,-10.48,3.70,-8.35,0.06,-0.10,-0.30
26.11,781.09,2141.78,25.64,-6.05,-6.28,19.61,0.01,-0.15,0.11
26.12,781.04,2142.32,26.11,-19.61,15.37,-11.82,0.00,0.15,-0.16
26.11,780.16,2151.42,26.43,-11.10,-8.46,-2.87,-0.02,-0.03,0.21
26.11,780.24,2150.59,26.63,-19.61,15.41,-5.57,0.01,-0.02,0.33
26.11,780.21,2150.85,26.74,1.92,-18.59,-15.45,0.09,0.06,-0.29
26.11,780.19,2151.02,26.81,-7.96,1.16,19.61,-0.14,0.01,-0.27
26.11,780.16,2151.38,26.94,-10.19,10.79,19.61,-0.16,-0.03,-0.21
26.11,780.15,2151.47,27.06,-3.12,-5.14,0.78,0.10,0.24,-0.00
26.11,780.14,2151.59,27.09,-6.53,5.78,19.61,-0.19,0.19,-0.12
26.11,780.21,2150.91,27.07,-5.14,4.88,-6.15,0.21,0.17,0.30
26.11,780.17,2151.31,27.05,-8.93,16.49,19.61,-0.01,0.05,0.16
26.10,780.23,2150.68,27.08,-14.32,13.13,-9.55,-0.02,-0.35,-0.16
26.11,780.14,2151.14,27.09,-4.32,7.38,13.46,-0.09,0.11,-0.17
26.11,780.15,2151.43,27.12,-17.84,15.02,13.59,0.10,-0.16,0.29
26.11,780.23,2150.71,27.11,-10.37,-10.65,-19.61,-0.20,-0.17,-0.34
26.11,780.18,2151.16,27.07,-11.09,8.40,-19.61,-0.09,-0.17,-0.33
26.11,780.17,2151.24,27.15,-9.83,7.43,2.96,-0.13,-0.01,-0.09
26.10,780.18,2151.15,27.23,-15.56,12.73,7.38,-0.30,0.23,-0.00
26.11,780.19,2151.07,27.31,-14.77,18.15,10.02,-0.17,0.06,-0.30
26.10,780.22,2150.72,27.33,2.08,-16.18,2.37,-0.12,0.24,-0.06
26.11,780.23,2150.62,27.35,-15.11,18.38,6.93,0.03,0.15,0.21
26.10,780.15,2151.44,27.32,-3.03,-19.61,0.84,0.22,0.05,0.18
26.10,780.03,2152.64,27.28,-10.09,-4.93,-19.61,0.07,0.07,-0.04
26.10,780.11,2151.91,27.23,-13.40,19.61,19.61,-0.27,-0.11,-0.19
26.10,780.05,2152.50,27.19,-7.33,-9.31,-18.79,0.32,-0.06,0.08
26.10,780.07,2152.27,27.17,-11.60,-3.21,-19.61,0.21,0.14,0.22
26.10,779.98,2153.22,27.11,-8.43,4.68,19.61,0.07,-0.07,0.00
26.10,779.97,2153.35,27.01,-9.32,-14.06,19.61,0.10,0.21,0.15
26.10,779.78,2155.27,26.94,-19.61,6.57,-19.15,-0.45,-0.26,-0.16
26.10,779.76,2155.53,26.81,-2.16,18.61,-18.74,-0.33,0.05,-0.09
26.10,779.71,2155.96,26.78,-19.61,-19.61,-3.12,-0.04,0.13,0.11
26.10,779.24,2160.88,26.79,-7.80,9.05,-19.61,-0.16,0.30,-0.04
26.09,778.81,2165.25,26.77,0.97,11.50,-4.12,-0.15,0.10,0.00
26.09,778.29,2170.59,26.71,-9.68,1.80,13.73,-0.02,-0.03,-0.03
26.10,777.79,2175.77,26.63,-6.60,-2.87,19.61,0.15,-0.04,-0.06
26.09,777.31,2180.76,26.51,-15.83,-0.67,19.61,0.02,-0.10,-0.11
26.09,776.69,2187.12,26.31,0.96,5.17,-11.31,-0.03,0.02,-0.06
26.09,776.32,2190.98,26.13,-0.20,17.61,-13.27,-0.09,0.25,-0.11
26.09,775.88,2195.54,25.97,5.35,10.37,-19.61,-0.04,0.19,0.03
26.09,775.17,2202.84,25.88,-14.60,7.18,-19.61,-0.09,0.18,-0.01
26.09,774.65,2208.27,25.88,-2.98,15.78,-6.17,-0.10,-0.21,0.00
26.09,774.03,2214.66,25.92,3.66,5.00,-19.61,0.05,0.08,-0.10
26.09,773.42,2220.93,25.87,0.38,12.68,4.75,-0.13,-0.03,-0.01
26.09,772.75,2227.89,25.74,-13.56,6.66,19.61,-0.18,-0.16,-0.07
26.09,772.25,2233.09,25.65,9.53,4.35,-15.77,-0.09,0.24,0.01
26.09,771.56,2240.21,25.58,3.43,16.25,-12.25,-0.08,0.01,-0.11
26.09,770.82,2247.94,25.44,-3.24,11.48,-15.13,-0.18,-0.01,0.05
26.09,770.34,2252.96,25.36,-13.90,-2.10,-16.63,-0.05,0.07,-0.08
26.09,769.66,2259.97,25.30,-17.32,-4.52,-14.27,0.06,-0.05,-0.10
26.09,769.17,2265.11,25.24,1.49,14.92,-19.61,-0.07,0.13,-0.04
26.09,768.28,2274.34,25.18,3.68,3.99,-19.61,-0.08,0.14,-0.13
26.09,767.74,2279.96,25.15,-1.97,-6.04,15.73,0.05,0.04,-0.11
26.09,767.02,2287.51,25.12,-17.20,-19.61,-3.28,0.07,-0.04,0.29
26.09,766.47,2293.25,25.12,-19.61,-3.74,19.61,-0.04,-0.38,-0.19
26.09,765.78,2300.41,25.22,8.25,15.20,-19.61,-0.03,0.21,0.04
26.09,765.17,2306.83,25.21,-14.27,-3.75,-7.48,-0.03,0.19,0.11
26.08,764.37,2315.21,25.10,-19.61,-10.80,19.61,0.03,-0.11,-0.04
26.09,763.82,2320.91,25.02,2.12,13.21,-12.73,-0.12,0.04,0.02
26.08,763.16,2327.87,24.97,-7.24,5.45,-19.61,0.01,0.25,0.00
26.08,762.31,2336.70,24.90,-4.74,7.73,-19.61,0.02,0.10,-0.12
26.08,761.57,2344.53,24.87,2.58,12.29,-15.59,-0.02,-0.23,-0.14
26.07,761.05,2349.94,24.83,-19.61,-12.05,16.84,0.12,0.13,-0.02
26.07,760.41,2356.72,24.79,1.96,16.07,-19.61,-0.11,0.07,-0.14
26.07,759.58,2365.37,24.72,-19.61,-3.39,19.61,0.06,-0.21,-0.14
26.07,758.94,2372.10,24.68,-16.45,-8.89,19.61,-0.03,-0.18,0.12
26.07,758.38,2378.01,24.65,-19.61,-16.23,4.20,0.08,-0.18,0.07
26.06,757.60,2386.27,24.64,-19.61,-13.70,15.16,0.04,0.14,-0.09
26.06,756.99,2392.68,24.64,-12.15,-0.48,-10.05,-0.04,0.19,0.23
26.06,756.53,2397.51,24.66,0.33,7.23,-19.61,-0.08,0.31,0.04
26.06,755.59,2407.41,24.79,-8.97,5.72,-19.61,0.05,0.11,0.01
26.05,754.98,2413.88,24.80,9.30,13.61,-19.61,0.02,0.38,-0.04
26.05,754.37,2420.33,24.79,-15.92,0.40,19.61,0.03,-0.09,-0.00
26.05,753.65,2428.00,24.76,-17.51,-8.12,19.61,0.01,-0.19,-0.02
26.05,752.85,2436.46,24.73,3.17,1.95,-12.60,-0.05,0.06,-0.02
26.05,752.25,2442.73,24.69,-1.28,5.86,14.60,-0.03,0.06,-0.09
26.04,751.66,2449.00,24.67,-2.57,-3.31,1.45,-0.05,0.02,0.04
26.04,751.04,2455.62,24.63,-19.61,-17.67,16.34,0.08,0.32,-0.03
26.04,750.29,2463.53,24.63,-15.54,-18.94,10.77,0.06,-0.03,-0.03
26.03,749.77,2469.04,24.60,-3.64,15.85,-17.06,-0.04,0.15,0.03
26.03,748.99,2477.41,24.59,3.40,8.07,-19.61,-0.05,0.29,-0.06
26.02,748.36,2484.05,24.57,-13.03,-5.87,-15.14,0.01,0.02,0.05
26.02,747.76,2490.47,24.57,-2.14,8.67,-19.61,-0.12,0.04,-0.07
26.02,747.07,2499.87,24.56,-19.61,-5.21,19.61,0.02,-0.36,-0.08
26.01,746.27,2506.36,24.55,-6.76,0.16,-19.61,-0.02,0.33,-0.03
26.00,745.65,2513.01,24.56,7.60,2.37,0.35,-0.06,0.07,-0.06
26.00,745.02,2519.70,24.58,-19.61,-15.56,8.45,0.10,-0.12,-0.05
26.00,744.17,2528.80,24.58,-17.07,-2.43,19.61,-0.15,-0.31,-0.13
25.99,743.59,2534.97,24.60,-9.54,-2.69,19.61,0.12,-0.32,-0.03
25.99,743.01,2541.15,24.60,-19.60,-13.24,-3.49,0.03,0.18,-0.00
25.98,742.22,2549.64,24.61,-19.61,-9.71,-0.52,0.09,-0.05,0.01
25.98,741.67,2555.49,24.63,-14.00,-13.31,14.16,-0.06,-0.17,-0.06
25.97,741.08,2561.91,24.68,-11.06,7.62,19.61,-0.11,-0.06,-0.06
25.96,740.48,2569.86,24.81,-17.21,-4.65,19.61,0.20,0.25,-0.04
25.96,739.64,2577.30,24.84,-14.47,-14.36,14.53,0.02,-0.13,-0.05
25.95,739.16,2582.51,24.84,-18.52,-12.48,8.00,0.08,0.06,-0.01
25.94,738.62,2588.23,24.89,-2.53,13.63,15.15,-0.18,-0.05,-0.05
25.93,737.88,2596.19,24.99,-3.84,-2.57,-19.61,0.15,0.19,0.04
25.93,737.37,2601.69,25.06,-7.99,-16.06,-16.24,-0.02,0.32,0.12
25.92,736.92,2606.60,25.13,6.74,1.18,-19.61,-0.26,0.01,0.01
25.91,736.46,2611.57,25.23,-19.61,-12.60,9.69,0.02,0.09,0.12
25.90,735.91,2617.49,25.24,-14.14,6.17,19.61,-0.10,-0.38,0.03
25.88,735.34,2623.65,25.28,6.28,11.19,19.61,-0.12,0.08,-0.06
25.86,734.68,2630.77,25.33,-18.73,-16.86,-11.40,-0.02,0.25,0.09
25.84,734.10,2637.02,25.35,-19.61,-9.30,9.50,0.05,0.27,-0.10
25.83,733.49,2643.65,25.37,19.61,6.01,-3.00,-0.21,0.08,0.10
25.81,732.83,2650.71,25.40,-13.35,-18.49,-19.61,0.07,0.22,0.06
25.78,732.28,2656.72,25.43,-8.60,10.32,19.61,-0.20,-0.08,-0.02
25.76,731.68,2663.23,25.45,0.26,-7.02,-19.61,0.03,0.12,0.07
25.75,731.16,2668.88,25.46,-12.50,8.40,19.61,0.07,-0.32,-0.08
25.72,730.57,2675.22,25.47,-19.61,-13.03,-4.73,0.06,0.17,-0.00
25.70,730.03,2681.11,25.47,-0.97,9.77,19.61,-0.16,-0.50,-0.44
25.68,729.71,2684.54,25.48,6.79,-4.22,8.88,-0.16,-0.29,0.00
25.65,729.48,2687.05,25.49,-2.90,6.86,0.93,-0.11,0.26,0.14
25.63,729.33,2688.74,25.49,-5.56,-6.94,9.23,-0.19,-0.69,0.81
25.61,729.12,2691.00,25.53,3.07,-8.17,-0.68,0.07,-1.75,-0.22
25.58,728.95,2692.80,25.56,2.94,5.93,1.31,0.13,0.42,0.10
25.55,728.92,2693.11,25.58,-2.72,1.13,-1.36,-0.10,0.32,0.31
25.54,728.99,2692.37,25.62,0.45,-4.69,1.37,0.18,-0.37,-0.81
25.51,728.97,2692.57,25.65,-0.42,0.27,0.25,0.15,0.76,-0.03
25.49,729.30,2688.98,25.66,-13.50,12.62,1.10,-0.11,0.10,-0.06
25.47,729.50,2686.87,25.66,-2.26,4.24,-2.67,-0.09,0.17,0.24
25.45,729.68,2684.90,25.62,-11.62,1.01,7.68,-0.12,0.39,1.77
25.43,730.13,2680.00,25.64,-8.62,-15.59,-19.61,-0.40,-0.78,2.75
25.41,730.24,2678.78,25.65,-5.26,-19.61,1.40,-1.19,0.13,1.41
25.39,731.17,2668.77,25.72,-18.16,-17.84,11.30,-0.86,0.78,1.66
25.34,731.64,2663.63,25.80,-19.61,-19.61,19.61,-0.44,0.24,0.56
25.22,732.18,2657.83,25.92,-6.75,11.30,8.22,0.25,-0.34,1.21
25.13,732.75,2651.65,26.02,-19.61,-15.34,-17.59,-0.06,0.00,1.08
25.08,733.01,2648.78,26.10,-10.95,9.41,-19.61,-0.29,1.10,0.77
25.05,733.53,2643.12,26.17,-10.78,8.94,-19.61,-0.18,-0.02,1.04
25.03,734.02,2637.92,26.22,-15.22,-5.37,19.61,-0.63,0.09,1.24
25.01,734.85,2628.94,26.27,-19.61,-14.29,-16.98,-0.27,0.36,1.58
24.98,734.93,2627.99,26.33,-10.12,19.61,-9.61,-0.35,0.08,1.04
24.94,735.71,2619.59,26.38,-19.61,-14.51,19.61,-0.44,0.53,1.47
24.91,736.49,2611.18,26.44,-15.57,6.25,3.71,-0.14,2.08,0.28
24.89,737.34,2602.02,26.37,-19.61,7.03,-7.84,-1.25,0.74,1.41
24.85,738.08,2594.10,26.52,-19.61,-2.34,8.95,-1.41,0.61,1.14
24.82,738.68,2587.58,26.58,-3.77,15.93,-19.61,-1.02,0.40,0.97
24.78,738.73,2587.14,26.63,-12.05,-0.57,-2.50,-0.47,0.06,0.77
24.74,739.08,2583.28,26.67,-19.61,6.34,0.59,-0.58,-0.08,0.68
24.72,739.36,2580.31,26.71,-8.29,16.06,-3.25,-0.18,0.44,0.10
24.69,739.73,2576.32,26.74,-18.22,14.58,17.44,0.02,0.38,0.14
24.66,740.04,2573.01,26.83,-3.91,-1.20,19.61,-0.02,0.06,-0.14
24.64,740.45,2568.60,26.80,0.92,2.13,16.62,-0.07,0.76,0.29
24.62,741.09,2561.73,26.83,-5.94,1.44,19.61,0.12,-0.04,-0.14
24.60,741.45,2557.88,26.83,-0.92,-11.69,-11.43,-0.01,0.50,0.20
24.58,742.19,2549.91,26.83,8.72,-6.71,-6.89,-0.02,-0.11,-0.04
24.57,742.98,2541.52,26.86,-12.68,1.31,12.03,-0.20,0.35,0.65
24.54,743.59,2534.99,26.84,-5.84,-4.57,17.39,0.00,0.22,0.04
24.53,744.51,2525.11,26.83,-15.08,2.55,3.94,-0.16,-0.04,0.02
24.51,745.07,2519.17,26.84,-16.56,-6.29,8.59,-0.03,-0.09,0.27
24.49,745.32,2516.49,26.88,-4.74,6.91,5.40,0.08,-0.41,0.37
24.48,745.62,2513.26,26.93,-4.50,-8.49,19.61,-0.06,-0.24,0.09
24.46,745.98,2509.46,26.96,-8.42,-6.01,6.03,0.20,0.03,0.16
24.45,746.48,2504.14,26.97,-10.00,-0.84,19.61,0.48,0.73,-0.31
24.43,746.77,2501.03,26.98,-19.61,-4.38,11.18,1.94,0.70,-0.52
24.41,746.17,2507.43,26.98,-17.61,14.41,-5.01,3.97,0.12,0.85
24.40,746.03,2508.92,27.00,-9.62,19.61,-16.97,-2.26,-3.27,0.13
24.38,747.69,2491.20,27.02,-17.11,16.80,19.61,-2.71,-0.67,-0.27
24.37,748.70,2480.46,27.03,-1.79,1.02,19.61,-0.74,0.28,-0.46
24.36,749.23,2474.83,27.02,-12.92,-14.57,16.12,-0.08,-0.02,0.64
24.35,749.88,2467.97,27.06,-2.46,-7.82,19.61,-0.99,-1.26,1.43
24.33,751.42,2451.54,27.17,-5.34,4.56,-19.61,-1.71,2.17,2.16
24.29,752.66,2438.47,27.28,-19.61,-19.61,19.61,-0.02,1.75,0.25
24.25,752.54,2439.66,27.39,-19.61,-13.48,13.52,1.70,-1.30,-0.06
24.18,752.30,2442.24,27.51,-14.06,-2.60,-19.61,-0.51,0.48,0.95
24.13,752.61,2439.01,27.61,-15.99,13.34,-12.80,-0.15,-0.28,0.71
24.08,752.62,2438.90,27.68,-5.80,-14.50,10.69,-0.17,-0.12,0.50
24.04,752.78,2437.12,27.75,-19.61,18.30,-15.22,-0.20,0.02,0.63
24.02,752.75,2437.45,27.79,-6.37,-19.61,-0.18,-0.01,-0.03,0.29
24.00,752.97,2435.12,27.83,-14.96,9.73,-15.05,-0.18,0.04,0.24
23.97,752.99,2434.22,28.00,-17.95,-14.89,19.61,-0.20,-0.32,0.21
23.92,753.11,2433.70,27.95,-15.10,-19.61,5.89,-0.04,-0.03,0.27
23.87,753.05,2434.29,28.02,-13.81,-8.67,-1.81,-0.05,-0.05,0.27
23.84,753.01,2434.74,28.06,-9.70,15.91,19.61,-0.23,-0.27,0.18
23.80,752.99,2434.98,28.11,-8.92,-3.95,-18.34,-0.04,-0.08,0.47
23.77,753.07,2434.12,28.15,-13.52,0.81,12.38,-0.12,-0.27,0.38
23.74,753.20,2432.66,28.19,-11.62,6.12,2.79,-0.03,-0.37,0.17
23.70,753.26,2432.08,28.23,-7.21,-14.17,15.44,0.17,-0.23,0.09
23.68,753.05,2434.31,28.28,-13.60,9.24,-19.61,0.23,-0.37,-0.00
23.66,753.03,2434.47,28.26,4.11,1.85,-19.61,0.15,0.56,-0.75
23.65,754.20,2422.08,28.23,-15.75,11.82,-8.12,-0.58,0.72,-0.36
23.64,754.34,2420.64,28.25,-5.22,9.72,19.61,-0.52,-0.59,0.38
23.63,754.65,2417.37,28.28,-7.07,-19.29,19.61,-0.19,0.15,0.20
23.61,754.89,2414.82,28.36,-19.61,17.65,-7.66,-0.06,0.08,0.06
23.58,755.26,2410.90,28.45,-10.13,1.55,-17.47,0.02,0.23,0.19
23.56,755.43,2409.11,28.50,6.42,6.99,19.61,-0.15,-0.16,-0.27
23.55,755.81,2405.14,28.55,2.52,0.05,15.42,-0.25,0.17,-0.33
23.53,756.22,2400.80,28.59,-19.61,1.31,-19.61,-0.15,0.07,0.10
23.51,756.58,2397.00,28.62,-2.64,-0.83,19.61,-0.34,0.00,-0.01
23.50,756.95,2393.14,28.68,-3.38,5.50,19.61,-0.46,-0.03,0.38
23.47,757.49,2387.37,28.76,-7.05,13.77,15.40,-0.38,0.12,0.24
23.46,757.89,2383.19,28.82,-6.51,-7.89,-7.41,-0.64,-0.04,0.70
23.43,758.08,2381.16,28.89,-1.91,-4.16,-19.61,-0.79,-0.17,0.77
23.41,758.20,2379.96,28.93,-19.61,-11.22,19.61,-0.75,0.99,0.79
23.38,759.46,2366.64,29.00,-19.61,-19.61,19.61,-0.13,-0.08,0.27
23.37,759.57,2365.52,29.04,-19.61,-19.61,11.35,-0.50,0.41,0.39
23.35,759.76,2363.56,29.07,-19.61,-19.61,19.61,-0.96,0.19,0.33
23.33,759.94,2361.59,29.07,-12.10,13.22,-19.61,-0.65,0.02,0.18
23.31,759.96,2361.40,29.12,-10.47,17.32,-17.45,-0.02,-0.20,0.13
23.27,760.05,2360.48,29.18,-19.61,-19.61,19.59,-0.59,0.38,0.59
23.25,760.37,2357.09,29.26,-19.61,-16.22,19.37,-0.77,0.47,0.42
23.22,760.42,2356.56,29.30,-6.32,3.02,-4.21,0.03,-0.35,0.17
23.19,760.43,2356.47,29.34,-19.61,-19.61,19.61,-0.36,0.34,0.35
23.17,760.56,2355.09,29.40,-6.36,19.61,-19.61,-0.96,0.74,0.52
23.14,760.80,2352.55,29.43,-16.10,9.18,-16.71,-0.48,0.68,0.08
23.13,760.74,2353.18,29.46,-19.61,-19.61,19.61,0.39,-0.23,0.09
23.10,760.84,2352.19,29.48,-5.47,12.45,-19.61,0.19,-0.02,0.17
23.08,760.42,2356.61,29.50,-10.66,13.06,19.61,0.22,-1.07,-0.32
23.07,759.91,2361.91,29.52,-6.96,4.09,5.66,-0.35,0.18,0.90
23.07,760.18,2359.09,29.49,-5.28,3.33,-5.17,-0.24,0.35,0.53
23.07,760.42,2356.57,29.50,12.78,-4.92,19.61,-0.49,0.12,0.22
23.06,760.81,2352.51,29.54,-5.90,-14.43,19.61,-0.31,0.59,0.48
23.04,761.49,2345.34,29.57,-5.98,12.92,-7.87,-0.37,0.07,0.29
23.02,761.88,2341.31,29.60,-14.10,-11.53,19.30,-0.48,-0.01,0.20
23.01,762.14,2338.54,29.62,-16.22,-15.24,19.61,-1.12,0.50,0.56
23.00,761.98,2340.20,29.64,-19.61,-9.91,10.92,-1.26,0.54,-0.22
22.98,762.34,2336.47,29.68,-19.61,1.38,-9.60,0.55,0.13,-0.28
22.96,762.29,2337.01,29.71,-3.74,2.00,-12.15,0.73,-0.69,-0.04
22.94,761.77,2342.37,29.73,5.23,-2.90,-11.56,0.08,-1.43,-0.22
22.94,761.85,2341.58,29.75,1.81,-19.61,0.25,-0.22,0.73,0.88
22.94,762.49,2334.83,29.79,-9.37,-9.04,6.74,-0.48,0.57,0.50
22.93,762.91,2330.50,29.81,-19.61,-19.61,19.61,-0.05,-0.11,0.20
22.92,763.07,2329.40,29.77,0.47,9.66,-19.61,-0.12,0.16,0.10
22.91,762.98,2329.68,29.84,-10.44,-19.61,-1.84,-0.05,-0.07,0.31
22.90,763.08,2328.68,29.85,1.73,7.84,-19.61,-0.42,0.47,0.32
22.89,763.29,2326.46,29.87,-18.12,-19.61,19.61,-0.45,0.20,0.58
22.88,763.48,2324.52,29.94,-19.61,-19.61,19.61,-1.54,0.78,0.51
22.86,763.39,2325.41,30.00,-19.61,0.42,-0.89,-0.82,0.34,-0.17
22.84,763.35,2325.84,30.04,-19.61,-19.61,19.61,0.99,-0.46,-0.13
22.81,763.60,2323.25,30.08,-19.61,-13.18,-6.02,0.88,-0.58,-0.11
22.81,762.81,2331.51,30.10,0.76,-8.34,12.28,0.23,-0.73,-0.15
22.80,762.79,2331.76,30.09,-6.49,6.68,3.89,-0.07,0.93,0.29
22.80,763.06,2328.93,30.08,11.88,-11.59,4.68,-0.01,-0.08,-0.07
22.79,763.25,2326.91,30.06,3.46,3.37,4.30,-0.04,0.35,-0.01
22.79,763.68,2322.42,30.03,-8.14,-1.64,17.46,0.08,0.10,-0.08
22.79,764.32,2315.69,30.07,-19.61,-6.09,-19.61,0.01,-0.08,0.00
22.78,764.50,2313.84,30.08,-0.65,3.64,19.61,-0.06,0.03,-0.05
22.78,764.97,2308.92,30.10,0.50,-1.68,-9.84,0.06,0.10,-0.20
22.78,765.20,2306.53,30.12,-13.56,7.17,-7.77,-0.11,-0.14,-0.11
22.78,765.76,2300.66,30.17,2.55,4.07,18.78,0.40,0.12,-0.63
22.77,765.86,2299.61,30.19,-8.75,6.39,-14.74,1.09,-0.15,-0.43
22.78,765.88,2299.42,30.17,-11.52,6.07,5.34,0.76,0.15,-0.47
22.78,766.31,2294.89,30.18,-10.76,-2.13,-16.05,0.26,0.16,0.32
22.77,766.54,2292.47,30.17,-3.18,6.36,14.64,0.33,0.05,-0.13
22.77,766.64,2291.50,30.13,-14.06,13.92,-12.41,0.11,-0.27,-0.18
22.77,766.93,2288.44,30.07,-12.20,3.54,10.80,0.25,-0.08,-0.29
22.77,767.07,2286.95,30.02,-5.33,3.95,-12.02,0.27,-0.07,-0.03
22.77,767.33,2284.23,29.98,-6.71,-6.25,19.28,0.28,-0.25,-0.47
22.77,767.63,2281.18,29.91,-3.61,6.70,-11.22,0.22,0.02,-0.24
22.77,767.81,2279.22,29.88,-8.14,6.51,19.61,0.11,0.03,0.00
22.77,768.10,2276.25,29.85,-19.61,7.81,-19.61,0.48,-0.13,-0.33
22.77,768.34,2273.75,29.82,-3.87,-1.79,-14.75,0.20,-0.09,-0.00
22.77,768.66,2270.43,29.87,-6.76,-3.75,19.61,0.37,0.15,-0.37
22.77,768.87,2268.22,29.87,-10.12,-6.33,3.16,0.54,0.14,-0.37
22.77,769.11,2265.74,29.89,-8.60,-1.21,19.61,0.33,0.25,-0.13
22.77,769.32,2263.55,29.90,-19.61,-3.73,15.85,0.41,0.24,-0.13
22.77,769.63,2260.34,29.92,-11.44,-1.54,-19.61,0.34,0.13,0.02
22.77,769.87,2257.80,29.96,-4.07,3.61,-19.61,0.15,0.07,-0.05
22.77,770.18,2254.61,29.99,-10.19,0.60,9.57,0.43,0.06,-0.26
22.77,770.43,2251.96,30.02,-19.61,0.17,-19.61,0.40,0.34,-0.26
22.76,770.70,2249.16,30.03,-2.29,0.26,-19.61,0.30,-0.03,-0.16
22.76,771.26,2243.41,30.03,-19.61,6.12,-19.61,0.56,-0.20,-0.43
22.77,771.61,2239.77,30.07,-1.09,2.76,19.61,0.27,0.06,0.01
22.76,771.88,2236.93,30.09,-0.68,-1.35,-10.43,0.34,0.16,0.10
22.76,772.22,2233.45,30.10,1.95,-7.68,19.61,0.34,0.15,-0.37
22.76,772.38,2231.77,30.09,-14.77,-1.66,-14.47,0.42,0.18,-0.10
22.76,772.64,2229.07,30.08,-8.49,-11.71,-15.88,0.40,0.08,-0.03
22.77,772.98,2225.56,30.04,-16.78,-2.48,-19.61,0.46,0.06,-0.18
22.77,773.13,2223.94,30.00,-13.75,-9.06,0.29,0.49,0.15,-0.09
22.77,773.30,2222.18,29.93,-2.14,-7.16,-19.61,0.32,0.06,0.15
22.77,773.56,2219.50,29.87,0.99,-5.50,19.61,0.33,0.18,-0.38
22.77,773.76,2217.40,29.79,-6.04,0.88,19.61,0.39,-0.18,-0.61
22.77,773.89,2216.05,29.73,-10.38,2.34,19.61,0.48,0.03,-0.38
22.77,774.05,2214.46,29.71,-8.25,-7.17,-19.61,0.49,0.21,0.11
22.77,774.03,2214.67,29.67,-13.19,-11.91,-19.61,0.68,-0.11,-0.05
22.78,774.36,2211.22,29.65,-15.75,1.84,-19.61,0.40,-0.22,0.11
22.78,774.64,2208.28,29.60,-18.17,11.79,-3.28,0.47,0.25,-0.19
22.78,774.64,2208.31,29.54,-11.06,15.94,-19.61,0.43,0.12,-0.11
22.78,774.71,2207.64,29.52,-11.52,10.50,-3.68,0.11,0.07,-0.15
22.78,774.80,2206.71,29.55,-11.73,15.79,1.29,0.10,0.08,0.08
22.78,775.11,2203.45,29.61,-11.00,11.16,19.61,0.14,0.04,-0.06
22.79,775.17,2202.80,29.64,-10.24,-12.98,-3.53,0.26,0.02,0.16
22.79,775.31,2201.37,29.67,-0.43,-10.76,19.61,0.06,0.11,-0.39
22.79,775.41,2200.37,29.70,-15.55,17.71,-14.54,0.22,-0.06,-0.05
22.79,775.36,2200.84,29.68,-5.89,-7.47,18.63,0.25,0.13,0.05
22.79,775.41,2200.41,29.67,-3.92,-16.16,-17.10,0.38,0.30,-0.11
22.79,775.48,2199.61,29.65,-5.88,-7.32,-19.61,0.21,0.04,0.12
22.80,775.65,2197.91,29.64,-17.79,14.20,-19.61,-0.03,-0.09,-0.18
22.80,775.72,2197.14,29.61,-2.79,-12.11,15.11,0.05,0.19,-0.20
22.80,775.72,2197.19,29.62,-10.18,-12.65,-17.37,0.16,0.13,-0.01
22.80,775.89,2195.43,29.63,-9.10,18.76,-1.21,0.05,0.03,0.04
22.80,776.07,2193.59,29.64,-13.79,5.06,-19.61,0.10,-0.00,0.04
22.80,776.13,2192.97,29.64,-7.20,-3.11,19.61,0.12,0.11,0.00
22.81,776.21,2192.11,29.62,-11.16,14.23,19.61,-0.14,0.05,-0.08
22.81,776.27,2191.49,29.61,-2.69,16.17,-1.81,0.08,0.18,0.16
22.81,776.35,2190.67,29.59,-4.37,7.42,19.61,-0.20,-0.06,-0.09
22.81,776.42,2189.89,29.53,-14.34,-11.12,-19.61,0.26,0.02,0.17
22.81,776.44,2189.72,29.45,-13.26,-14.11,19.61,-0.01,-0.03,-0.11
22.82,776.47,2189.42,29.39,-19.39,10.62,8.20,-0.11,-0.25,-0.21
22.81,776.51,2188.97,29.33,-3.48,-16.28,4.03,0.10,0.12,0.04
22.82,776.60,2188.10,29.29,-4.77,-15.81,19.61,-0.01,0.11,-0.38
22.82,776.76,2186.41,29.25,-13.78,-10.35,-19.61,0.18,0.08,-0.04
22.82,776.98,2184.12,29.26,-14.42,17.91,-0.19,0.03,-0.08,-0.02
22.83,776.97,2184.24,29.37,-10.82,-19.61,-5.58,0.15,0.25,-0.14
22.83,776.99,2184.09,29.46,5.01,-2.37,19.61,0.01,-0.06,-0.16
22.83,777.04,2183.53,29.54,-14.85,10.04,-19.36,0.05,-0.04,-0.33
22.84,777.09,2183.03,29.67,-18.31,-10.27,-19.61,0.10,0.20,0.15
22.84,777.20,2181.83,29.77,-9.33,-0.23,19.61,-0.08,-0.02,-0.16
22.84,777.24,2181.46,29.85,-9.59,-6.13,-19.61,0.25,0.14,0.14
22.84,777.40,2179.85,29.96,-9.05,-11.72,16.79,0.07,-0.08,0.00
22.84,777.42,2179.61,30.03,-8.60,-2.72,-9.45,0.09,0.06,0.28
22.85,777.48,2178.98,30.07,-6.75,3.00,19.61,-0.08,0.17,0.03
22.86,777.56,2178.11,30.12,-12.99,5.08,-19.61,0.01,-0.08,0.20
22.87,777.58,2177.91,30.16,-16.90,-7.41,18.88,-0.10,0.03,0.18
22.87,777.66,2177.12,30.19,-4.19,-9.31,4.92,-0.11,0.01,0.20
22.88,777.75,2176.20,30.24,-7.61,6.88,18.19,-0.25,0.07,0.03
22.89,777.79,2175.74,30.26,-6.28,-10.62,16.04,0.08,0.21,0.08
22.89,777.78,2175.88,30.29,-6.50,-7.14,19.61,-0.07,0.12,-0.08
22.90,777.93,2174.72,30.34,-13.74,18.99,-4.04,0.06,-0.04,0.11
22.91,778.05,2173.06,30.32,-13.90,-1.19,-8.48,0.11,0.16,-0.16
22.91,778.12,2172.34,30.36,-11.32,4.83,-2.12,0.08,-0.14,0.05
22.92,778.15,2172.09,30.39,-12.28,11.43,-19.61,-0.09,0.03,0.04
22.93,778.16,2172.01,30.39,-14.26,11.14,-14.83,-0.14,-0.28,-0.10
22.93,778.12,2172.37,30.39,-16.54,1.02,10.88,-0.01,-0.11,-0.35
22.94,777.93,2174.37,30.38,-10.37,12.27,4.26,-0.12,-0.29,-0.03
22.95,777.98,2173.81,30.39,-16.07,19.30,-18.25,-0.05,-0.10,0.19
22.95,777.80,2175.64,30.39,-11.22,7.94,19.61,-0.07,0.07,-0.19
22.96,777.79,2175.83,30.39,-10.55,-0.94,19.61,-0.01,-0.15,-0.40
22.97,777.81,2175.55,30.39,-12.09,-5.03,19.61,0.04,0.14,-0.19
22.98,777.88,2174.86,30.39,-8.20,-19.61,-18.68,0.23,0.13,0.12
22.98,777.81,2175.58,30.40,-5.07,-4.64,-19.61,-0.03,0.27,0.15
22.99,777.80,2175.70,30.40,-12.98,16.46,-6.87,0.03,0.03,0.07
23.00,777.81,2175.62,30.39,-11.72,7.91,-10.89,0.01,0.02,-0.17
23.01,777.83,2175.42,30.37,-7.65,-8.69,-17.45,0.06,0.06,0.17
23.02,777.97,2173.93,30.36,-7.27,7.41,-19.61,0.01,0.06,-0.04
23.02,778.03,2173.34,30.39,-7.58,18.21,-2.01,-0.15,-0.30,-0.18
23.03,778.10,2172.64,30.39,-4.62,6.67,-19.61,0.21,-0.03,0.25
23.04,778.07,2172.87,30.39,-5.04,-7.86,-19.61,0.14,0.08,0.17
23.05,778.28,2170.75,30.39,-9.83,0.54,-19.61,0.11,-0.06,0.18
23.06,778.30,2170.55,30.39,-4.24,-7.86,17.77,-0.07,0.03,0.02
23.06,778.37,2169.83,30.38,-4.65,-11.14,-19.61,0.13,0.36,0.14
23.07,778.57,2167.73,30.38,-17.65,13.53,19.61,-0.08,0.00,-0.19
23.08,778.58,2167.63,30.39,-4.33,14.95,19.61,-0.05,-0.20,-0.16
23.09,778.52,2168.22,30.39,-9.33,3.50,-19.61,0.21,0.16,0.19
23.10,778.58,2167.60,30.40,-6.21,-15.97,16.46,0.05,0.09,-0.07
23.11,778.80,2165.34,30.39,-18.31,5.83,19.61,-0.17,0.08,-0.16
23.12,778.95,2163.88,30.43,-2.65,2.28,19.61,-0.12,0.03,-0.11
23.12,778.96,2163.77,30.46,-7.83,7.36,19.61,-0.07,0.12,-0.19
23.14,778.99,2163.39,30.47,-12.64,15.58,6.40,0.00,0.15,0.12
23.14,779.04,2162.95,30.50,-13.33,-6.17,-19.61,0.07,0.04,0.07
23.15,779.09,2162.35,30.55,-4.02,-6.68,19.61,0.08,-0.09,-0.28
23.17,779.09,2162.35,30.57,-11.70,4.66,-19.61,0.08,0.02,-0.03
23.18,779.15,2161.81,30.57,0.57,-10.03,11.14,0.06,0.24,0.07
23.18,779.16,2161.70,30.57,-19.61,-12.18,-19.61,0.13,-0.05,0.07
23.20,779.28,2160.43,30.61,-13.02,12.33,-1.29,0.02,0.08,0.20
23.21,779.36,2159.57,30.63,-6.07,17.31,-1.52,0.04,-0.18,0.20
23.22,779.36,2159.60,30.69,-5.50,-19.45,-16.34,0.20,0.11,0.17
23.23,779.37,2159.51,30.79,-18.09,-8.32,-6.28,-0.07,-0.13,-0.02
23.24,779.46,2158.56,30.84,-15.67,-5.04,17.38,-0.09,-0.10,0.27
23.25,779.48,2158.35,30.86,-12.69,-5.44,-19.61,0.15,0.09,0.06
23.26,779.51,2158.12,30.86,-10.10,-18.03,8.64,-0.03,0.03,-0.23
23.27,779.45,2158.69,30.84,-12.28,7.66,-19.61,0.04,-0.04,0.26
23.28,779.47,2158.43,30.80,-13.09,-12.75,-19.61,0.03,-0.10,0.03
23.30,779.57,2157.40,30.73,-1.74,-7.17,19.61,-0.20,0.02,0.04
23.31,779.62,2156.91,30.72,0.10,-12.68,6.70,-0.03,0.04,0.31
23.32,779.62,2156.88,30.70,-4.77,-19.61,2.09,0.02,0.16,0.28
23.32,779.52,2157.92,30.69,-19.61,8.95,16.38,-0.34,0.11,-0.02
23.33,779.65,2156.62,30.68,-16.68,19.61,9.75,0.08,-0.23,-0.72
23.34,779.66,2156.55,30.63,-12.58,-14.16,10.31,0.12,0.03,-0.13
23.35,779.67,2156.42,30.59,-4.43,-3.96,19.61,-0.13,0.19,0.15
23.36,779.80,2155.05,30.54,-6.51,-10.77,-19.61,0.02,0.14,0.26
23.37,779.92,2153.89,30.54,-2.25,-0.06,19.61,-0.05,0.29,-0.03
23.37,780.03,2152.71,30.58,-9.66,-5.02,19.61,-0.21,0.13,-0.22
23.39,780.10,2151.99,30.64,-15.68,8.49,19.61,-0.03,-0.26,-0.47
23.40,780.17,2151.26,30.65,0.62,-19.02,16.91,0.14,0.09,-0.11
23.41,780.22,2150.72,30.66,-9.98,10.11,-0.52,-0.15,0.16,0.08
23.42,780.41,2148.77,30.66,-13.00,-14.19,-19.61,-0.00,0.43,0.35
23.43,780.42,2148.69,30.66,-2.45,-11.95,-16.78,0.11,0.17,0.20
23.44,780.29,2150.08,30.65,-19.61,7.93,19.61,0.09,0.22,0.06
23.45,780.39,2149.06,30.68,-4.53,-2.59,19.61,0.05,0.71,-0.80
23.45,780.43,2148.56,31.15,-10.74,-0.34,-19.61,-3.43,-4.37,1.71
23.45,780.64,2146.45,31.47,-5.19,-1.06,-19.61,-1.17,-4.37,-1.24
182.62,-164.00,nan,100.00,-5.83,35.68,16.55,-1.30,11.99,0.00
182.62,-164.00,nan,100.00,-5.83,35.68,16.55,-1.30,11.99,0.00
182.62,-164.00,nan,100.00,-5.83,35.68,16.55,-1.30,11.99,0.00
182.62,-164.00,nan,100.00,-5.83,35.68,16.55,-1.30,11.99,0.00
182.62,-164.00,nan,100.00,-5.83,35.68,16.55,-1.30,11.99,0.00
182.62,-164.00,nan,100.00,-5.83,35.68,16.55,-1.30,11.99,0.00
